id,first_name,last_name,experienceYears,passedExams,dateOfBirth,email,phone
1,Bentlee,Janeway,4,8,1995,bjaneway0@dailymail.co.uk,+7 516 221 6657
2,Selia,Guymer,13,10,1982,sguymer1@hhs.gov,
3,Zilvia,Jakov,6,16,1980,zjakov2@jigsy.com,+84 806 815 0704
4,Clem,Tollit,6,16,2002,ctollit3@opera.com,+86 300 506 3547
5,Maurise,Dat,8,30,1999,mdat4@blogspot.com,+358 318 549 4283
6,Val,MacRinn,11,2,1993,vmacrinn5@over-blog.com,+256 578 476 8069
7,Rosanna,Sidsaff,9,2,1975,rsidsaff6@mac.com,+371 347 571 3467
8,Franni,Tankin,15,32,1985,ftankin7@blogspot.com,+63 815 374 0674
9,Bogey,Cluatt,14,7,1984,bcluatt8@rakuten.co.jp,+7 626 711 6342
10,Rudie,Overstreet,17,5,1999,roverstreet9@bluehost.com,
11,Ephraim,Mattack,14,3,1986,emattacka@senate.gov,+220 653 887 5598
12,Shara,Mougin,14,28,1975,smouginb@seattletimes.com,+54 760 513 0341
13,Fairlie,Howford,3,4,1976,fhowfordc@berkeley.edu,+48 743 944 6478
14,Janine,Storcke,14,26,1982,jstorcked@usatoday.com,+380 710 717 1708
15,Heindrick,Prestner,3,32,1984,hprestnere@domainmarket.com,+46 382 749 0822
16,Ty,Joyce,16,31,1969,tjoycef@people.com.cn,+62 225 906 4183
17,Borg,Stopps,2,21,1999,bstoppsg@ebay.com,+7 672 497 6019
18,Gill,Liverseege,14,6,1990,gliverseegeh@unesco.org,+1 677 241 1909
19,Nanci,Oliff,10,24,1987,noliffi@businesswire.com,+351 805 165 3233
20,Andros,Hardan,17,11,1975,ahardanj@example.com,+351 294 254 6464
21,Nertie,Campbell-Dunlop,15,13,1987,ncampbelldunlopk@scribd.com,+358 994 620 5472
22,Marris,Wigin,6,9,1991,mwiginl@mit.edu,
23,Edgar,Castellini,14,18,2000,ecastellinim@marketwatch.com,+7 898 790 5072
24,Rosene,Peake,16,31,1979,rpeaken@kickstarter.com,+86 464 952 5289
25,Sharia,Tilbury,14,21,2000,stilburyo@blogtalkradio.com,+86 457 589 3000
26,Darlleen,Kalinsky,6,30,1977,dkalinskyp@bigcartel.com,+51 927 321 7787
27,Cindie,Mulholland,3,10,1985,cmulhollandq@twitpic.com,+49 420 847 8431
28,Mimi,Furst,12,3,1995,mfurstr@amazon.com,+31 570 820 4312
29,Arlena,Poleykett,8,12,1978,apoleyketts@ameblo.jp,
30,Thomasine,Moffet,16,26,1981,tmoffett@pcworld.com,
31,Bendix,Studdert,6,21,1991,bstuddertu@microsoft.com,+48 661 660 8556
32,Alanah,Poll,7,19,1995,apollv@rambler.ru,+380 139 765 5568
33,Amby,Nickoll,9,26,1982,anickollw@china.com.cn,
34,Lief,Shelley,5,4,1997,lshelleyx@redcross.org,+381 888 922 9994
35,Kissee,Faint,15,24,1972,kfainty@blogs.com,+55 666 385 0575
36,Aliza,Tomenson,12,2,1999,atomensonz@canalblog.com,+82 103 639 4263
37,Channa,Bauser,3,13,1975,cbauser10@gizmodo.com,+82 558 538 7494
38,Karlan,Bannell,9,14,1984,kbannell11@howstuffworks.com,+54 244 131 8429
39,Jess,Rabl,6,4,1971,jrabl12@wufoo.com,+7 666 787 9942
40,Francisca,Bielby,12,19,1989,fbielby13@purevolume.com,+62 567 811 2217
41,Marabel,Elton,12,13,2000,melton14@360.cn,+351 859 895 5844
42,Mahmoud,Neve,16,13,1989,mneve15@npr.org,+1 812 122 6134
43,Aguistin,Dumper,2,4,1991,adumper16@amazon.co.jp,+351 877 639 5415
44,Crista,Ealden,4,5,1990,cealden17@com.com,+63 790 140 1592
45,Judas,Birkin,3,7,1996,jbirkin18@biglobe.ne.jp,+63 426 529 9725
46,Marco,Mattocks,14,4,1970,mmattocks19@yelp.com,+63 568 912 8841
47,Karee,Farran,7,2,1986,kfarran1a@cocolog-nifty.com,+358 573 545 7009
48,Tabb,Magnar,8,25,1990,tmagnar1b@slideshare.net,
49,Percival,Skamal,2,23,1978,pskamal1c@technorati.com,+62 108 530 1874
50,Dru,Dewsnap,3,21,1978,ddewsnap1d@ca.gov,+389 267 954 3925
51,Lucina,Foot,10,17,1990,lfoot1e@blogspot.com,+86 606 349 2389
52,Rozelle,Scholer,10,27,1973,rscholer1f@barnesandnoble.com,+82 824 416 1909
53,Silvana,Kinvan,16,6,1977,skinvan1g@thetimes.co.uk,
54,Toby,Shilling,10,30,1998,tshilling1h@ehow.com,+51 456 638 9463
55,Brunhilda,Foltin,4,9,1974,bfoltin1i@sciencedaily.com,+86 749 785 0368
56,Clementine,Hacon,2,22,1987,chacon1j@army.mil,+62 265 252 2957
57,Brinn,Ladds,1,26,1973,bladds1k@answers.com,+48 567 667 0164
58,Niels,Nalder,8,3,1991,nnalder1l@statcounter.com,+33 850 301 3562
59,Martie,Kellie,13,27,1982,mkellie1m@newyorker.com,+62 995 476 2943
60,Aubrey,Mote,14,28,1971,amote1n@tamu.edu,+82 986 866 1912
61,Markos,Jachimczak,13,21,1969,mjachimczak1o@ifeng.com,+84 828 530 3031
62,Kiel,Abramchik,6,26,1979,kabramchik1p@jimdo.com,+593 599 493 9024
63,Idaline,Havill,4,25,1978,ihavill1q@google.com.hk,+86 858 573 8454
64,Cristen,Joinson,6,12,1982,cjoinson1r@uiuc.edu,+81 821 390 9281
65,Odetta,Duester,17,30,1987,oduester1s@oracle.com,+1 260 182 2674
66,Nonah,Kalaher,9,30,1981,nkalaher1t@csmonitor.com,+380 914 249 8542
67,Margaretta,Daintry,7,6,1969,mdaintry1u@gravatar.com,+46 627 384 0527
68,Boycie,Camous,12,5,1987,bcamous1v@mlb.com,
69,Philippe,Berridge,12,24,1986,pberridge1w@amazon.co.jp,+86 735 213 7761
70,Clemente,Carnew,10,6,1980,ccarnew1x@twitter.com,+86 243 917 8967
71,Meredeth,Grimestone,3,4,1981,mgrimestone1y@huffingtonpost.com,+351 807 187 8111
72,Miltie,Leatherbarrow,11,10,1979,mleatherbarrow1z@indiatimes.com,+62 681 801 6603
73,Timoteo,Leppo,17,20,1981,tleppo20@e-recht24.de,+381 215 556 8543
74,Sidonnie,Lerer,5,26,1996,slerer21@ebay.co.uk,+1 382 499 1120
75,Ambros,Wiltshaw,5,1,1989,awiltshaw22@skyrock.com,+1 754 153 3648
76,Maurie,Benettelli,5,3,1987,mbenettelli23@craigslist.org,+86 580 451 1434
77,Marylin,Gailor,16,27,1972,mgailor24@123-reg.co.uk,+7 251 804 6428
78,Walden,Wisby,4,31,1979,wwisby25@360.cn,+7 231 749 1964
79,Juline,Nozzolinii,11,8,1985,jnozzolinii26@cloudflare.com,+86 427 640 9327
80,Carleton,Nairy,1,17,1992,cnairy27@posterous.com,+62 514 304 2718
81,Webb,Banks,15,13,1970,wbanks28@gravatar.com,+57 549 895 4090
82,Adiana,Gyver,13,27,1981,agyver29@va.gov,+81 960 213 8463
83,Herb,Windibank,16,26,1971,hwindibank2a@sakura.ne.jp,+995 762 519 9491
84,Ezmeralda,Poyner,10,22,1990,epoyner2b@dyndns.org,+54 228 731 5488
85,Janek,Jaime,6,2,1997,jjaime2c@com.com,+1 146 336 9097
86,Cheston,Ridesdale,4,8,1971,cridesdale2d@surveymonkey.com,+381 241 746 0123
87,Neil,Dillon,12,19,1978,ndillon2e@webeden.co.uk,
88,Cooper,Bayldon,7,2,2002,cbayldon2f@i2i.jp,+86 325 273 4502
89,Gherardo,Obington,16,18,1984,gobington2g@uiuc.edu,+7 528 593 0939
90,Ranique,Boaler,5,15,2000,rboaler2h@cmu.edu,+33 477 512 8379
91,Feodora,Rooksby,8,25,1970,frooksby2i@umn.edu,
92,Elna,Coggell,9,7,1990,ecoggell2j@prlog.org,+86 331 494 8201
93,Lottie,Dockwra,5,28,2000,ldockwra2k@mit.edu,+62 849 746 6648
94,Mirabella,Wickling,9,20,1986,mwickling2l@theguardian.com,+63 297 765 3609
95,Reggie,Czadla,14,17,1988,rczadla2m@rediff.com,+380 351 509 1192
96,Cece,Gilhool,13,4,1979,cgilhool2n@t-online.de,+7 762 955 3593
97,Elaina,Dauncey,14,11,1974,edauncey2o@archive.org,+63 530 631 7977
98,Doug,Quinane,11,5,1980,dquinane2p@paypal.com,+234 437 264 7884
99,Frayda,Anker,10,28,1993,fanker2q@google.cn,+86 580 424 0789
100,Hildegarde,Huntingdon,9,23,1970,hhuntingdon2r@ft.com,+86 243 686 6864
101,Galen,Grimmolby,9,8,1997,ggrimmolby2s@prnewswire.com,+48 614 440 9921
102,Nils,Yankishin,6,26,1983,nyankishin2t@livejournal.com,+62 389 167 0667
103,Peter,MacCahee,7,28,2000,pmaccahee2u@mayoclinic.com,+242 741 622 4198
104,Maurita,Wilcher,1,24,1973,mwilcher2v@unesco.org,+62 907 421 1102
105,Isa,Mahmood,15,22,1978,imahmood2w@mozilla.com,+48 821 760 2789
106,Amandie,Lumsdall,13,5,1969,alumsdall2x@miibeian.gov.cn,+30 405 314 7659
107,Knox,Freeburn,9,19,1993,kfreeburn2y@china.com.cn,+62 350 279 2629
108,Jasmine,Goodsall,7,4,2000,jgoodsall2z@skype.com,+48 600 842 4719
109,Sam,Scrowson,9,25,1991,sscrowson30@mozilla.org,+27 172 240 2257
110,Mariam,Hawke,17,9,1975,mhawke31@wunderground.com,+7 931 856 3774
111,Fred,Pinckney,1,13,1980,fpinckney32@nature.com,+299 754 934 5921
112,Araldo,Antyshev,10,2,2002,aantyshev33@mozilla.org,+358 306 237 6008
113,Guillaume,Bromell,5,27,1982,gbromell34@exblog.jp,+1 405 658 1893
114,Joelie,Robilart,2,26,1969,jrobilart35@patch.com,+62 701 544 1430
115,Kalila,Mayor,12,31,1996,kmayor36@globo.com,+351 222 959 6902
116,Damara,Willimot,10,21,1974,dwillimot37@google.fr,+1 650 938 1038
117,Dalli,Bonnesen,8,16,1974,dbonnesen38@webnode.com,+850 101 907 9428
118,Norry,Sweating,13,12,2001,nsweating39@cmu.edu,
119,Brandtr,Fitchell,6,19,1978,bfitchell3a@trellian.com,+967 568 544 8674
120,Melony,Ivanishchev,10,12,1986,mivanishchev3b@forbes.com,+30 276 466 7431
121,Laurel,Godsil,1,32,1999,lgodsil3c@rakuten.co.jp,+420 514 744 0555
122,Selina,Beddis,2,13,1994,sbeddis3d@msu.edu,+7 548 847 8426
123,Rice,McMurty,7,11,1985,rmcmurty3e@tripod.com,+98 747 728 3680
124,Lanna,Gredden,2,3,1991,lgredden3f@dyndns.org,+95 906 873 7908
125,Jeanine,Girdler,16,8,1985,jgirdler3g@telegraph.co.uk,+36 632 282 9469
126,Baily,Izakson,12,29,1990,bizakson3h@apache.org,+509 990 981 3731
127,Jeremiah,Gagen,1,9,1999,jgagen3i@java.com,+234 772 707 0078
128,Kathye,Ownsworth,12,19,1997,kownsworth3j@bbc.co.uk,+375 351 210 7771
129,Vernor,Morillas,7,32,1992,vmorillas3k@webnode.com,+54 187 761 4870
130,Bink,Vasyukhichev,11,30,1979,bvasyukhichev3l@paginegialle.it,+46 253 489 3995
131,Jamison,Bilam,13,25,1993,jbilam3m@discovery.com,+55 941 457 6589
132,Morie,De Avenell,11,16,2001,mdeavenell3n@1688.com,+62 814 954 4950
133,Savina,Javes,5,23,1991,sjaves3o@twitpic.com,+62 192 716 1990
134,Stanislaw,Stepney,14,18,1992,sstepney3p@huffingtonpost.com,+420 705 408 8156
135,Leola,Kolin,10,6,1990,lkolin3q@homestead.com,+7 780 684 7264
136,Torey,Pitt,4,15,1997,tpitt3r@mediafire.com,+351 444 508 3564
137,Carlin,Stanlock,2,17,1994,cstanlock3s@elpais.com,
138,Brew,Chimienti,11,5,1993,bchimienti3t@woothemes.com,+46 238 531 5620
139,Alexio,Bratcher,4,9,1981,abratcher3u@myspace.com,+7 800 975 1762
140,Donnie,Jossel,15,15,1994,djossel3v@craigslist.org,+358 929 353 4976
141,Muffin,Houndson,2,29,1981,mhoundson3w@oakley.com,+234 541 172 3176
142,Holmes,Binge,14,16,1970,hbinge3x@yellowpages.com,+63 496 649 0059
143,Amanda,McQuillan,8,25,1983,amcquillan3y@sourceforge.net,+86 574 808 7944
144,Celeste,Casbourne,5,9,1994,ccasbourne3z@dyndns.org,+52 598 187 4818
145,Elise,Heckner,6,26,2002,eheckner40@blogspot.com,+36 965 811 6171
146,Tuck,Tejada,9,4,1990,ttejada41@slideshare.net,+48 230 768 3448
147,Rafaela,MacNucator,7,17,1972,rmacnucator42@cocolog-nifty.com,+86 287 682 6414
148,Tamarra,Verheyden,16,14,1976,tverheyden43@hao123.com,+7 559 557 3700
149,Dov,Titcomb,3,5,1993,dtitcomb44@newyorker.com,+48 397 232 8118
150,Karlie,Deppe,2,1,1974,kdeppe45@purevolume.com,+66 124 407 4992
151,Karissa,Bartholomew,13,26,1980,kbartholomew46@wordpress.org,+33 893 607 1909
152,Enriqueta,Redbourn,11,27,1975,eredbourn47@utexas.edu,+86 727 812 9102
153,Dari,Lillistone,6,3,1991,dlillistone48@1688.com,+255 484 264 9997
154,Tonia,McLevie,7,21,1997,tmclevie49@mashable.com,+351 324 261 6903
155,Derrik,Dyball,1,28,1998,ddyball4a@deliciousdays.com,+86 828 208 2081
156,Brnaba,Umpleby,7,29,1984,bumpleby4b@qq.com,
157,Phil,Guerrazzi,3,12,1987,pguerrazzi4c@ed.gov,+216 540 217 7107
158,Christiano,Extal,12,30,2001,cextal4d@wiley.com,+55 110 154 4929
159,Theresita,Soans,9,1,1973,tsoans4e@blinklist.com,+86 829 990 9286
160,Cornie,Mangenot,7,27,1974,cmangenot4f@liveinternet.ru,+216 635 185 7489
161,Quintilla,Andreu,2,21,1977,qandreu4g@mysql.com,+33 880 160 8065
162,Carlene,Kirkbride,14,25,1994,ckirkbride4h@mashable.com,+242 107 328 4561
163,Gigi,Haywood,1,9,1985,ghaywood4i@census.gov,+7 946 700 0261
164,Rina,Prinnett,1,16,1972,rprinnett4j@china.com.cn,+86 968 546 3476
165,Scarface,Eager,8,8,1999,seager4k@creativecommons.org,+57 606 949 2306
166,Reece,Kornilyev,1,8,1979,rkornilyev4l@topsy.com,+62 615 483 5592
167,Klaus,Bodill,7,5,1974,kbodill4m@altervista.org,+62 227 827 5813
168,Marabel,Genthner,13,22,2000,mgenthner4n@dailymotion.com,+7 893 899 0949
169,Victor,Burth,9,28,1975,vburth4o@over-blog.com,+33 373 397 4218
170,Valaria,Bosher,9,25,2002,vbosher4p@usda.gov,+420 137 514 4084
171,Waylon,Bevir,11,21,1969,wbevir4q@zdnet.com,+86 890 402 4986
172,Boony,Extance,8,30,2000,bextance4r@arstechnica.com,+33 107 556 3254
173,Dorian,Lockie,7,32,1999,dlockie4s@uol.com.br,+380 450 308 4755
174,Rhoda,Bemment,3,12,1976,rbemment4t@narod.ru,+63 738 309 2505
175,Pate,Carlos,12,2,1978,pcarlos4u@webs.com,+385 354 176 5279
176,Chas,Dood,3,31,1993,cdood4v@usa.gov,+967 445 688 9205
177,Kanya,Tolomei,10,14,1976,ktolomei4w@flavors.me,+86 169 440 7717
178,Mickey,Phipps,8,19,1974,mphipps4x@xrea.com,+86 470 123 9311
179,Thaine,Camelli,6,12,1997,tcamelli4y@bigcartel.com,+7 247 851 9554
180,Rice,Penke,16,3,1998,rpenke4z@unblog.fr,+52 138 396 4519
181,Raimund,Dugmore,12,2,1988,rdugmore50@t-online.de,+58 271 230 6349
182,Esther,Adhams,14,14,1985,eadhams51@t-online.de,+46 157 183 5120
183,Denney,Letherbury,9,32,2000,dletherbury52@omniture.com,+55 684 964 4706
184,Brinna,Sawden,5,12,1983,bsawden53@webmd.com,+351 143 594 8461
185,Ludwig,Yanshonok,11,24,1978,lyanshonok54@cbsnews.com,+7 136 161 5148
186,Pearl,Cecely,2,17,1973,pcecely55@engadget.com,+7 285 828 2414
187,Casey,Nicely,11,16,1971,cnicely56@w3.org,
188,Brigg,Keaves,17,32,1977,bkeaves57@tripod.com,+55 742 258 6829
189,Mose,Newarte,16,30,1987,mnewarte58@sohu.com,+84 685 713 8805
190,Evonne,Chaddock,8,24,2001,echaddock59@altervista.org,+86 126 681 8228
191,Sissy,Bruty,1,28,1997,sbruty5a@japanpost.jp,+30 558 193 1515
192,Laurette,Moran,8,15,1982,lmoran5b@blog.com,+386 280 677 6347
193,David,Menauteau,2,23,1973,dmenauteau5c@51.la,+7 626 333 3417
194,Humfried,Cushe,14,2,1989,hcushe5d@csmonitor.com,+33 513 707 3731
195,Lianna,Daugherty,12,1,1976,ldaugherty5e@example.com,+371 787 379 3021
196,Russ,Genike,2,16,2000,rgenike5f@over-blog.com,+47 799 199 7275
197,Erroll,Sporton,3,30,1987,esporton5g@merriam-webster.com,+358 673 322 2251
198,Lauren,Heeron,14,2,1990,lheeron5h@twitpic.com,+86 392 545 3910
199,Chevy,Denisovich,12,22,1978,cdenisovich5i@opensource.org,+47 142 581 3423
200,Chelsey,Swadden,8,10,1992,cswadden5j@cafepress.com,+44 278 733 5162
201,Ernaline,Fawkes,5,31,1978,efawkes5k@uiuc.edu,+55 271 533 7386
202,Casper,Brisson,6,4,1972,cbrisson5l@archive.org,+54 838 523 1135
203,Lorelei,Bernhardsson,3,6,1972,lbernhardsson5m@independent.co.uk,+1 806 959 0620
204,Ronni,Dytham,9,21,1989,rdytham5n@businesswire.com,+86 101 999 5578
205,Gris,Eilert,15,26,1971,geilert5o@slate.com,+86 890 320 1727
206,Melisa,Mammatt,10,28,1978,mmammatt5p@cyberchimps.com,+55 740 131 1904
207,Ninnetta,Delouch,14,25,1980,ndelouch5q@omniture.com,+51 276 278 8280
208,Susie,Lees,3,24,1977,slees5r@rediff.com,+351 350 849 4168
209,Mathilde,Trevarthen,5,3,1985,mtrevarthen5s@fastcompany.com,+86 552 666 7349
210,Claudianus,Kobes,14,31,1973,ckobes5t@whitehouse.gov,+967 582 240 6275
211,Maurise,Normand,1,27,1985,mnormand5u@elegantthemes.com,+86 833 864 0859
212,Derwin,Stapele,7,8,2002,dstapele5v@auda.org.au,+86 232 792 1002
213,Meghann,Wevell,16,21,1989,mwevell5w@kickstarter.com,+62 376 158 1546
214,Florri,Boorman,8,24,1994,fboorman5x@google.ru,+359 253 685 9506
215,Wallis,Lyddiard,3,21,1988,wlyddiard5y@163.com,+86 111 852 4026
216,Mischa,Leare,11,1,1994,mleare5z@sogou.com,+86 109 834 8678
217,Dana,Stegel,8,8,1976,dstegel60@dropbox.com,+63 890 328 7357
218,Rorke,Stanyard,12,31,2002,rstanyard61@comcast.net,+63 469 909 2025
219,Lacey,Fer,15,3,1970,lfer62@exblog.jp,+20 311 337 9535
220,Bendicty,Teape,6,25,1976,bteape63@paginegialle.it,+46 403 391 5194
221,Ali,Staterfield,12,23,1977,astaterfield64@house.gov,+62 328 184 5216
222,L;urette,McKeaney,6,25,1970,lmckeaney65@upenn.edu,+358 734 539 4823
223,Gretal,Dow,9,8,1986,gdow66@amazon.co.jp,+503 916 909 9666
224,Sasha,Salmen,17,3,1971,ssalmen67@last.fm,+380 259 103 6066
225,Hugh,Voysey,2,15,1995,hvoysey68@oracle.com,+62 923 683 3972
226,Garner,Hanscom,14,16,1991,ghanscom69@wordpress.com,
227,Nathanael,Schutter,10,2,1984,nschutter6a@economist.com,+98 124 417 9333
228,Nappie,Burnhams,7,19,1978,nburnhams6b@gizmodo.com,+7 863 851 4304
229,Marje,Kiddye,11,15,1995,mkiddye6c@mac.com,+46 919 782 8426
230,Man,Chason,16,17,1996,mchason6d@upenn.edu,+62 469 999 3549
231,Kirby,Mathou,13,5,1981,kmathou6e@tripadvisor.com,+33 573 278 7610
232,Ase,Townby,12,29,1978,atownby6f@umich.edu,+86 342 498 5515
233,Jobye,Gundry,13,27,1996,jgundry6g@people.com.cn,+62 555 667 7052
234,Erhard,Rounding,1,21,1971,erounding6h@newyorker.com,+52 792 298 6119
235,Devina,MacInerney,4,21,2000,dmacinerney6i@google.fr,+86 139 943 3934
236,Carmella,Hanshawe,3,19,2000,chanshawe6j@ehow.com,+63 276 564 2871
237,Beck,Hindsberg,8,12,1996,bhindsberg6k@blinklist.com,+62 873 673 6232
238,Dalila,Fuente,7,12,1976,dfuente6l@over-blog.com,+86 505 172 0373
239,Lacee,Woodier,6,21,1999,lwoodier6m@51.la,+31 394 701 3317
240,Trace,Kubicka,10,20,1974,tkubicka6n@vkontakte.ru,+86 270 148 4879
241,Pauletta,Sorro,4,18,1969,psorro6o@hp.com,+55 244 240 4005
242,Sallyanne,Noell,17,9,1983,snoell6p@altervista.org,+86 535 373 2807
243,Rhianna,Trillow,5,28,1971,rtrillow6q@php.net,+242 982 821 7709
244,Jeramie,Tunnicliff,12,3,1999,jtunnicliff6r@google.com.au,+63 935 152 6801
245,Tanitansy,Cuncliffe,4,20,1975,tcuncliffe6s@slashdot.org,+86 249 229 1517
246,Nicolas,Eadon,5,10,1991,neadon6t@toplist.cz,+976 379 346 6845
247,Winona,Foot,3,8,1999,wfoot6u@time.com,+242 685 182 6394
248,Darda,Hovert,7,5,1969,dhovert6v@fc2.com,+64 472 544 9280
249,Joline,Brusby,17,11,1988,jbrusby6w@wikispaces.com,+7 260 150 6403
250,Cesya,Darbishire,8,31,1971,cdarbishire6x@taobao.com,+62 584 282 1144
251,Sinclair,Wandrack,13,26,1971,swandrack6y@vk.com,+34 464 682 7476
252,Lannie,MattiCCI,2,18,1977,lmatticci6z@telegraph.co.uk,+55 259 518 4320
253,Ezmeralda,Shama,7,19,1975,eshama70@dailymail.co.uk,+86 201 412 9202
254,Wilhelmine,Dorgon,8,14,1985,wdorgon71@apache.org,+66 173 402 2311
255,Sheelagh,Leverington,8,8,2000,sleverington72@simplemachines.org,+51 878 632 3334
256,Aube,Bilyard,5,20,2001,abilyard73@devhub.com,+62 238 878 9281
257,Daloris,Gouck,6,7,1989,dgouck74@ask.com,+55 682 947 0064
258,Teddi,Branca,10,26,1975,tbranca75@privacy.gov.au,+962 613 477 2355
259,Bobbe,Guerola,9,13,1991,bguerola76@gizmodo.com,+86 449 523 5291
260,Godiva,Tebbe,2,17,1974,gtebbe77@nhs.uk,+386 518 490 4077
261,Ileana,Getsham,10,25,1983,igetsham78@ca.gov,+218 852 121 7075
262,Bree,Combes,11,24,1982,bcombes79@163.com,+381 322 951 0379
263,Susy,Curtoys,13,3,1974,scurtoys7a@ucoz.ru,+380 187 972 5014
264,Kariotta,Cattrell,7,18,1980,kcattrell7b@smh.com.au,+7 491 476 8100
265,Nicko,Tunnoch,7,22,1997,ntunnoch7c@google.fr,+7 363 666 5559
266,Paige,Blackey,7,25,1995,pblackey7d@flavors.me,+86 227 334 9817
267,Lin,Liddell,5,8,1993,lliddell7e@miitbeian.gov.cn,+354 724 511 6978
268,Loren,Labrone,5,1,1976,llabrone7f@oracle.com,+62 975 906 1664
269,Ida,Smees,2,2,1976,ismees7g@woothemes.com,+30 671 536 6074
270,Rodolphe,Coombe,6,26,1979,rcoombe7h@java.com,+86 336 645 6263
271,Alwin,Gatchell,8,5,1970,agatchell7i@ucla.edu,+7 486 110 7945
272,Brana,Dyshart,9,19,1990,bdyshart7j@forbes.com,+62 781 160 7076
273,Erna,Calvey,9,3,1989,ecalvey7k@earthlink.net,+86 542 343 2763
274,Noby,Pabelik,9,11,1993,npabelik7l@ebay.co.uk,+51 290 829 7352
275,Riki,Hovee,15,6,1980,rhovee7m@si.edu,+507 595 576 3464
276,Meris,Buffey,6,31,1998,mbuffey7n@wiley.com,+86 552 417 3927
277,Elwyn,Deschelle,3,27,1974,edeschelle7o@github.com,+30 107 814 2461
278,Rebekah,O'Drought,17,12,2001,rodrought7p@wix.com,+86 859 237 7075
279,Desi,Tackle,15,29,1982,dtackle7q@businesswire.com,+382 576 610 7644
280,Coletta,Northcote,16,21,1999,cnorthcote7r@reverbnation.com,+51 758 758 3991
281,Bard,Premble,12,26,1975,bpremble7s@wiley.com,+63 845 889 4587
282,Edy,Whales,8,18,2001,ewhales7t@tiny.cc,+591 511 243 9453
283,Edyth,Firk,4,5,1982,efirk7u@behance.net,+98 933 412 7216
284,Pascal,Snoddy,7,25,1973,psnoddy7v@yellowbook.com,+94 957 942 2672
285,Erhard,Parchment,6,23,1976,eparchment7w@mtv.com,+30 269 327 4947
286,Marshall,Eddleston,13,29,1987,meddleston7x@liveinternet.ru,+48 975 833 6545
287,Hamilton,MacKaig,4,1,1969,hmackaig7y@marketwatch.com,
288,Alano,Rasor,12,10,1990,arasor7z@cmu.edu,+63 198 486 5308
289,Jen,Overstreet,12,32,1973,joverstreet80@godaddy.com,+86 652 887 3487
290,Kalinda,MacDearmont,6,25,1998,kmacdearmont81@youtube.com,+86 381 559 8115
291,Hedy,Nunn,4,1,1992,hnunn82@phpbb.com,+387 721 539 9043
292,Melloney,Beminster,13,19,1970,mbeminster83@howstuffworks.com,+850 870 570 3495
293,Candra,Primarolo,13,25,2000,cprimarolo84@comsenz.com,+46 489 938 3727
294,Mercedes,Brownlie,10,22,1991,mbrownlie85@hostgator.com,+63 594 266 6623
295,Lia,Crocket,8,15,1984,lcrocket86@tinypic.com,+62 870 262 4404
296,Thekla,Edwardson,3,23,1978,tedwardson87@ezinearticles.com,+48 931 797 1087
297,Lizette,Abeles,16,24,1969,labeles88@bravesites.com,+7 359 457 3303
298,Alfie,Devennie,15,31,1989,adevennie89@cnet.com,+62 283 427 7095
299,Nicola,Yalden,15,29,1997,nyalden8a@sun.com,+1 920 788 2366
300,Gavra,Bewsey,9,13,1989,gbewsey8b@twitter.com,
301,Joachim,Resun,6,12,1986,jresun8c@google.fr,+60 530 533 1449
302,Pammi,Growy,1,16,1996,pgrowy8d@answers.com,+86 496 154 5735
303,Erminia,Barczewski,13,3,1973,ebarczewski8e@noaa.gov,+46 993 573 4772
304,Sonnie,Gatley,10,12,1971,sgatley8f@ucoz.ru,+380 242 477 5997
305,Thomasa,Lesslie,15,3,1980,tlesslie8g@epa.gov,+92 647 568 8074
306,Lorrie,Troyes,15,24,1972,ltroyes8h@plala.or.jp,+56 312 159 2074
307,Rolfe,Frude,2,12,1973,rfrude8i@sina.com.cn,+55 836 570 1547
308,Byrann,Carlill,5,1,1996,bcarlill8j@yale.edu,+1 168 200 2102
309,Ardis,Guisler,5,20,1993,aguisler8k@goodreads.com,+62 366 242 8321
310,Nina,Manley,7,21,1969,nmanley8l@ebay.co.uk,+1 505 286 7563
311,Wilek,Fasham,15,25,1982,wfasham8m@instagram.com,
312,Garrick,Vase,8,15,1989,gvase8n@nationalgeographic.com,+46 321 478 2875
313,Oates,Furmagier,11,20,1984,ofurmagier8o@ovh.net,+1 506 749 4057
314,Shayna,Cosford,1,2,1975,scosford8p@mit.edu,+62 215 650 4345
315,Floyd,Polkinghorne,11,25,1997,fpolkinghorne8q@deviantart.com,+63 158 979 5044
316,Lilla,Maciejewski,4,32,1987,lmaciejewski8r@acquirethisname.com,+46 395 842 2412
317,Trixie,Cullotey,16,23,1975,tcullotey8s@umn.edu,+81 301 282 2555
318,Goober,Simonds,17,30,2000,gsimonds8t@msn.com,
319,Heddie,Fearey,4,7,1997,hfearey8u@vkontakte.ru,
320,Kip,M'Quharg,5,23,1975,kmquharg8v@issuu.com,+81 823 372 9987
321,Odetta,Lamberth,6,1,1992,olamberth8w@washingtonpost.com,+1 559 182 9324
322,Devlen,Clew,4,13,1986,dclew8x@usgs.gov,+46 712 144 4343
323,Cyndi,Bonwick,9,16,1972,cbonwick8y@globo.com,+46 224 304 9900
324,Darrel,Corneliussen,8,1,1972,dcorneliussen8z@engadget.com,+63 616 870 8754
325,Wolfy,Shields,15,13,1983,wshields90@multiply.com,+351 807 116 3038
326,Bridie,Bailes,14,11,1975,bbailes91@mozilla.com,+58 746 699 3839
327,Gwenette,Astles,13,27,1986,gastles92@dot.gov,+81 564 105 3015
328,Remus,Hamsher,14,4,2001,rhamsher93@ucsd.edu,+55 988 536 3764
329,Corene,Warrell,10,10,1973,cwarrell94@cafepress.com,+1 917 108 3051
330,Karalynn,Coppo,11,8,1982,kcoppo95@comsenz.com,+58 390 749 1371
331,Magnum,Fitzroy,17,32,1990,mfitzroy96@chronoengine.com,+7 677 937 3813
332,Joelynn,Lockney,9,12,1995,jlockney97@buzzfeed.com,+66 969 798 4477
333,Brittne,Sehorsch,4,7,1992,bsehorsch98@sourceforge.net,+237 858 722 6548
334,Daryle,Cowx,1,8,1978,dcowx99@photobucket.com,+30 460 523 2493
335,Jerry,Ramm,7,20,1995,jramm9a@ustream.tv,+509 566 827 7822
336,Lawton,Yeskov,9,27,1999,lyeskov9b@businesswire.com,+81 283 693 9179
337,Carr,Sazio,13,18,1978,csazio9c@cocolog-nifty.com,+63 601 978 8247
338,Eberto,Blackboro,8,28,1982,eblackboro9d@parallels.com,+86 427 385 1584
339,Vassily,Lerven,16,13,1986,vlerven9e@microsoft.com,+81 592 969 5072
340,Malia,Izhaky,3,29,1975,mizhaky9f@drupal.org,+49 666 909 0376
341,Kaela,MacDunleavy,7,7,1988,kmacdunleavy9g@nytimes.com,+63 322 998 3909
342,Dal,Ilyasov,15,31,1993,dilyasov9h@dion.ne.jp,+86 978 708 0095
343,Tanny,Jakab,14,5,1980,tjakab9i@senate.gov,+86 136 941 5229
344,Kylynn,Hannen,17,20,1978,khannen9j@so-net.ne.jp,
345,Vanessa,Rau,15,32,1977,vrau9k@webs.com,+54 487 327 7878
346,Adrian,Pardoe,6,18,1989,apardoe9l@ovh.net,+351 259 602 2889
347,Hamilton,Rust,11,15,1998,hrust9m@mozilla.com,+55 992 356 5003
348,Nanice,Motion,16,32,1987,nmotion9n@japanpost.jp,+1 503 416 2996
349,Alexi,Klimushev,6,26,1974,aklimushev9o@blogs.com,+375 884 221 4039
350,Daria,Fewkes,17,20,1991,dfewkes9p@nydailynews.com,+55 551 364 6557
351,Prent,Samwyse,2,21,1997,psamwyse9q@techcrunch.com,+374 634 781 7851
352,Smith,Waghorne,11,4,1992,swaghorne9r@xrea.com,+372 531 989 5929
353,Ezra,Bleasdille,11,25,1993,ebleasdille9s@microsoft.com,+98 504 971 7909
354,Aggie,De Blasi,6,6,1981,adeblasi9t@twitpic.com,+7 832 858 1073
355,Marc,Fish,15,24,1983,mfish9u@deviantart.com,+33 399 197 5060
356,Tasia,Coners,16,26,1975,tconers9v@theglobeandmail.com,+48 615 258 6111
357,Zenia,Barabich,3,8,1998,zbarabich9w@dagondesign.com,+94 222 577 1068
358,Teddy,Wilsdon,7,13,1992,twilsdon9x@list-manage.com,
359,Peder,Outright,16,21,1996,poutright9y@weebly.com,+86 245 359 9347
360,Briant,Iddons,5,15,1996,biddons9z@alibaba.com,
361,Raine,Cullerne,8,1,1971,rcullernea0@wufoo.com,+970 991 469 5461
362,Tobe,Abrahamsohn,13,9,1983,tabrahamsohna1@yandex.ru,+86 313 852 3593
363,Addia,Cantrill,2,28,1982,acantrilla2@japanpost.jp,
364,Merle,Kalaher,6,32,1976,mkalahera3@newsvine.com,
365,Jasmine,Grogona,7,20,1976,jgrogonaa4@omniture.com,+62 193 484 0013
366,Ximenez,Lammert,15,16,1980,xlammerta5@hao123.com,+7 401 338 2219
367,Neile,Dhennin,17,28,1974,ndhennina6@mail.ru,+386 535 676 6174
368,Ariadne,Szymanski,7,1,1981,aszymanskia7@amazon.co.jp,+62 880 741 2719
369,Katharina,Driffill,17,28,2001,kdriffilla8@quantcast.com,+63 492 615 2182
370,Gwendolyn,Bricket,17,32,1992,gbricketa9@arstechnica.com,+48 370 308 1588
371,Enrico,Halfacre,5,21,1981,ehalfacreaa@free.fr,+63 534 181 3224
372,Artemas,Hanscombe,7,1,1975,ahanscombeab@tamu.edu,+62 168 583 2980
373,Irene,Jouen,7,2,1986,ijouenac@goodreads.com,+963 505 192 7427
374,Cedric,Handrek,5,25,1983,chandrekad@hubpages.com,+62 187 431 5438
375,Hillie,Grayston,2,13,1990,hgraystonae@jiathis.com,+62 900 228 7462
376,Bud,Cocke,16,10,1988,bcockeaf@mtv.com,+66 743 924 5659
377,John,Casella,15,2,1986,jcasellaag@aol.com,+359 334 244 3750
378,Michael,Itter,17,10,1997,mitterah@myspace.com,+370 264 897 6759
379,Sabrina,Gullyes,17,6,1988,sgullyesai@odnoklassniki.ru,
380,Janaya,Houseman,4,25,1998,jhousemanaj@nymag.com,+255 404 997 7072
381,Alric,Baudouin,1,31,1980,abaudouinak@mayoclinic.com,+84 261 162 0731
382,Brig,Canacott,4,13,1994,bcanacottal@hatena.ne.jp,+1 602 192 0042
383,Augusto,Blood,10,2,1979,abloodam@qq.com,+63 277 671 1965
384,Shauna,Kopfen,10,13,1996,skopfenan@miibeian.gov.cn,+54 529 373 9837
385,Raychel,Whardley,12,11,2001,rwhardleyao@vimeo.com,+351 791 844 1455
386,Theo,Vamplew,12,4,1995,tvamplewap@ovh.net,+86 616 246 2303
387,Ransom,Noddle,4,9,1998,rnoddleaq@bandcamp.com,+86 149 414 3828
388,Kyle,Fawlks,17,13,1982,kfawlksar@eepurl.com,
389,Ileane,Winterburn,1,8,1978,iwinterburnas@dailymotion.com,+683 359 911 5784
390,Sancho,Glowacz,15,18,1988,sglowaczat@reverbnation.com,+86 693 812 3063
391,Prissie,Steinson,1,19,1985,psteinsonau@java.com,+60 648 969 1590
392,Patricia,Dowglass,3,9,1982,pdowglassav@hibu.com,+64 684 291 0996
393,Vallie,Shields,4,27,1972,vshieldsaw@theguardian.com,+234 421 681 6167
394,Karlene,Iori,14,31,1983,kioriax@craigslist.org,+86 440 250 5398
395,Rochelle,Paprotny,13,2,1985,rpaprotnyay@soundcloud.com,+385 744 866 4516
396,Analiese,Dahill,1,16,1999,adahillaz@telegraph.co.uk,
397,Quinn,Critchard,3,17,1985,qcritchardb0@dell.com,+46 308 664 9186
398,Katya,Fakes,5,23,1990,kfakesb1@lycos.com,+994 481 557 9210
399,Kimbell,Rominov,7,10,2001,krominovb2@eventbrite.com,+62 488 670 8835
400,Odele,Eltune,1,18,1995,oeltuneb3@seesaa.net,+57 883 326 0165
401,Stanislaw,Box,12,24,1997,sboxb4@reddit.com,+62 961 305 5503
402,Tildi,Nials,4,27,1996,tnialsb5@ebay.com,+86 318 333 6344
403,Leesa,Kither,17,16,1999,lkitherb6@ucla.edu,+420 429 818 7143
404,Mignonne,Sayes,7,4,1983,msayesb7@posterous.com,+1 476 544 5320
405,Clair,Tharme,8,28,1994,ctharmeb8@hatena.ne.jp,+63 270 442 6295
406,Wayne,Brash,16,24,2001,wbrashb9@forbes.com,+86 476 776 6715
407,Bonnibelle,Bartoli,14,28,1990,bbartoliba@cmu.edu,+505 344 398 9192
408,Eddie,Kepe,8,25,1990,ekepebb@vimeo.com,+86 884 770 0600
409,Kellsie,Houlworth,3,22,1969,khoulworthbc@census.gov,+86 890 727 7208
410,Emmott,Boumphrey,16,29,1976,eboumphreybd@shutterfly.com,+30 915 638 7520
411,Ginnifer,Wainscot,14,22,1974,gwainscotbe@cisco.com,+86 752 905 5016
412,Andy,Loude,1,7,1996,aloudebf@tuttocitta.it,+46 927 285 6809
413,Arney,Mapston,14,2,1971,amapstonbg@miitbeian.gov.cn,+48 315 126 6638
414,Willabella,Goodoune,6,6,1996,wgoodounebh@imdb.com,+598 502 839 1548
415,Coriss,Kewish,10,29,1993,ckewishbi@ameblo.jp,+46 331 940 6216
416,Karoly,Collete,1,8,1985,kcolletebj@europa.eu,+81 771 297 2070
417,Lindi,MacSkeagan,15,1,1988,lmacskeaganbk@cyberchimps.com,+387 487 338 3333
418,Harman,Joskowitz,17,29,1994,hjoskowitzbl@answers.com,+86 137 716 0330
419,Jens,Christofides,6,17,1985,jchristofidesbm@domainmarket.com,+51 757 312 7417
420,Madalyn,Pattrick,9,3,1969,mpattrickbn@comsenz.com,+30 294 427 3013
421,Cayla,Pledge,3,27,2002,cpledgebo@nps.gov,+216 600 644 3334
422,Carolynn,Seckom,8,28,1986,cseckombp@rakuten.co.jp,+86 757 620 0387
423,Aurora,Geraldo,3,30,1994,ageraldobq@marketwatch.com,+63 671 485 0950
424,Gianna,Troppmann,8,10,1993,gtroppmannbr@wired.com,+86 751 209 2032
425,Jilly,Coalbran,8,7,1980,jcoalbranbs@hexun.com,+507 548 122 6655
426,Callida,Lempel,1,8,2000,clempelbt@hubpages.com,+51 872 659 2805
427,Joachim,Dyet,14,2,1976,jdyetbu@vk.com,+55 235 646 7671
428,Gradey,Rulf,14,8,1976,grulfbv@cyberchimps.com,+7 182 323 2519
429,Pepita,McQuaid,5,12,1996,pmcquaidbw@delicious.com,+62 140 867 7129
430,Ailsun,Doberer,8,13,2001,adobererbx@bbb.org,+33 875 964 0625
431,Diann,McDool,4,26,1978,dmcdoolby@noaa.gov,+33 672 134 7586
432,Berna,Thursfield,1,30,2001,bthursfieldbz@miitbeian.gov.cn,+54 481 651 9865
433,Isidoro,Symcock,12,3,1999,isymcockc0@behance.net,+62 488 331 0351
434,Nehemiah,Copin,7,7,1971,ncopinc1@amazon.co.uk,+86 756 245 1616
435,Lucas,Bridat,11,27,1993,lbridatc2@bloomberg.com,+63 383 729 6994
436,Samaria,Adriaan,15,26,1978,sadriaanc3@live.com,+66 965 350 8606
437,Conn,Atwell,7,24,2001,catwellc4@liveinternet.ru,+93 348 345 2015
438,Emlyn,Rosbottom,16,11,1998,erosbottomc5@so-net.ne.jp,+86 389 492 1409
439,Marice,Smartman,3,11,1975,msmartmanc6@friendfeed.com,+86 575 637 0491
440,Arleen,Ellingham,6,23,1982,aellinghamc7@go.com,+62 239 152 8596
441,Rockey,Leathart,1,10,1999,rleathartc8@qq.com,+351 651 330 1791
442,Pavla,Spurgeon,12,25,1993,pspurgeonc9@edublogs.org,+62 539 107 7226
443,Gavan,Abade,11,23,1987,gabadeca@ifeng.com,+355 194 938 3817
444,Sheilakathryn,Slaney,17,18,1973,sslaneycb@prweb.com,+7 107 473 1004
445,Eleonora,Dedmam,2,25,1985,ededmamcc@posterous.com,+46 372 911 1478
446,Vittorio,Bryer,12,29,1969,vbryercd@forbes.com,+46 289 433 4190
447,Ennis,Fermoy,1,2,1980,efermoyce@washington.edu,+55 214 113 8879
448,Beth,Hallibone,7,19,1994,bhallibonecf@goo.ne.jp,+66 703 360 4027
449,Nester,Bessett,15,12,1991,nbessettcg@uiuc.edu,+33 903 594 8194
450,Morty,Tissington,8,11,1982,mtissingtonch@nps.gov,+86 758 432 3298
451,Libbi,Piola,15,15,1984,lpiolaci@redcross.org,+51 815 861 1518
452,Meagan,Eburah,9,5,1989,meburahcj@weebly.com,+57 397 716 8941
453,Stacy,Deluca,9,5,1980,sdelucack@ca.gov,+54 496 846 6143
454,Kirby,Allsep,14,32,2002,kallsepcl@tinyurl.com,+86 178 987 2754
455,Edwin,Depka,5,6,1978,edepkacm@vkontakte.ru,+223 827 965 2008
456,Dionisio,Fuge,15,22,1996,dfugecn@globo.com,
457,Christen,Cottesford,9,26,1976,ccottesfordco@nydailynews.com,+48 581 101 6624
458,Flore,Handscomb,3,2,1981,fhandscombcp@washington.edu,+420 319 823 8818
459,Nananne,Suthren,7,24,1979,nsuthrencq@spotify.com,+84 854 881 7783
460,Gordon,Neilly,14,4,1969,gneillycr@washington.edu,+86 696 884 7767
461,Elke,Cramp,13,6,1995,ecrampcs@drupal.org,+55 756 620 7144
462,Francoise,Vass,13,18,1980,fvassct@state.gov,+51 658 326 9710
463,Paulie,Zimmer,15,28,1975,pzimmercu@npr.org,+57 908 710 2882
464,Elihu,Camplejohn,16,29,1974,ecamplejohncv@paypal.com,+63 360 453 8110
465,Lorrayne,Meadus,1,5,1975,lmeaduscw@studiopress.com,+86 106 591 8545
466,Emmanuel,Wythe,5,21,1992,ewythecx@hud.gov,+86 855 583 2326
467,Leo,Babb,12,6,1995,lbabbcy@umn.edu,+1 337 166 0853
468,Diannne,Winskill,8,22,1971,dwinskillcz@mediafire.com,+86 777 859 1376
469,Gordan,Keward,2,25,1999,gkewardd0@domainmarket.com,+82 124 304 4160
470,Bruis,Vaillant,7,26,1988,bvaillantd1@sciencedaily.com,+351 589 108 8967
471,Cyndie,Croucher,16,2,1980,ccroucherd2@deviantart.com,+86 492 958 4507
472,Gottfried,Zelland,4,30,1984,gzellandd3@purevolume.com,+86 538 345 1667
473,Michelle,Whilde,9,32,1986,mwhilded4@oaic.gov.au,+380 997 881 0796
474,Hilliard,Barrows,8,27,1976,hbarrowsd5@vinaora.com,+86 506 415 8993
475,Cordi,Treeby,16,21,1984,ctreebyd6@com.com,+34 787 106 3523
476,Tabitha,Moreinis,12,20,1987,tmoreinisd7@shinystat.com,+86 275 158 9256
477,Markus,Revel,8,24,1989,mreveld8@si.edu,+385 262 145 0643
478,Zane,Fulun,11,2,1969,zfulund9@flavors.me,+86 226 888 3833
479,Bertina,Foggarty,16,7,2002,bfoggartyda@intel.com,+7 317 712 4000
480,Brina,Buzza,15,16,2001,bbuzzadb@odnoklassniki.ru,+63 262 243 5357
481,Leslie,Torbeck,4,6,2002,ltorbeckdc@last.fm,+353 490 509 8274
482,Rikki,Abrahart,2,6,1991,rabrahartdd@yahoo.com,+46 378 620 4980
483,Alla,Glidder,10,11,1988,aglidderde@instagram.com,+63 506 145 1024
484,Aurilia,Tuer,16,13,1994,atuerdf@google.nl,+81 509 347 7961
485,Fayre,Nowak,17,27,1993,fnowakdg@nyu.edu,+359 517 551 8117
486,Didi,Duggary,6,19,1992,dduggarydh@vkontakte.ru,+962 872 440 2712
487,Donnie,Willoughby,2,24,1996,dwilloughbydi@stumbleupon.com,+86 672 794 7043
488,Rafaela,Veillard,1,1,1993,rveillarddj@sakura.ne.jp,
489,Nelli,Byatt,5,23,1981,nbyattdk@ebay.co.uk,+86 992 446 8562
490,Beverie,Wannan,5,29,1995,bwannandl@wikimedia.org,+1 317 342 9186
491,Beverley,Bellow,9,17,1995,bbellowdm@github.com,+351 254 116 8179
492,Bonni,Venneur,16,12,1973,bvenneurdn@illinois.edu,+63 854 504 6353
493,Melantha,Peaseman,5,19,1971,mpeasemando@trellian.com,+62 217 160 4835
494,Sauveur,Thwaites,12,31,1995,sthwaitesdp@i2i.jp,+48 507 864 5606
495,Miguelita,Leggan,1,11,1992,mleggandq@craigslist.org,+86 189 506 2275
496,Rica,Garrod,15,5,1996,rgarroddr@homestead.com,
497,Callida,Cerith,14,32,1972,ccerithds@ftc.gov,+62 437 352 5563
498,Brocky,Hammerberger,10,31,1975,bhammerbergerdt@sina.com.cn,+62 843 363 8214
499,Ibby,Hamber,9,24,1980,ihamberdu@bloomberg.com,+234 381 256 6163
500,Kaylil,Shardlow,17,3,1990,kshardlowdv@1688.com,+30 551 535 4631
501,Gabbi,MacCurley,7,21,1987,gmaccurleydw@wp.com,+86 128 198 0491
502,Tara,Fillon,10,9,1983,tfillondx@cloudflare.com,+48 400 602 6220
503,Franny,Ganiclef,14,27,1982,fganiclefdy@sohu.com,+86 712 453 8268
504,Gordie,Cothey,11,17,1981,gcotheydz@amazon.co.jp,+675 299 846 7704
505,Kyle,Jeafferson,6,14,1985,kjeaffersone0@shinystat.com,+86 213 447 1103
506,Evy,Storks,4,4,1976,estorkse1@symantec.com,+45 852 612 9630
507,Errick,McMurty,7,20,1974,emcmurtye2@umich.edu,+358 326 807 2098
508,Violette,Tidd,6,25,2001,vtidde3@amazonaws.com,+86 882 300 4460
509,Maurizio,Guerrier,5,4,1989,mguerriere4@homestead.com,+86 121 934 9446
510,Onofredo,Gimber,14,25,1979,ogimbere5@ucla.edu,+86 218 577 1704
511,Terrijo,Dudeney,10,25,1969,tdudeneye6@cocolog-nifty.com,+7 881 632 0903
512,Shirleen,Giacomo,6,16,1972,sgiacomoe7@wikispaces.com,+7 748 944 4997
513,Ines,Marron,6,14,1978,imarrone8@hao123.com,+380 187 921 7299
514,Roze,Barthelmes,12,23,1993,rbarthelmese9@usda.gov,+598 301 254 9511
515,Maurizio,Joist,9,1,1981,mjoistea@google.fr,+57 451 979 6057
516,Carrol,Rowly,15,32,1969,crowlyeb@bbb.org,
517,Devondra,Minshaw,13,26,1976,dminshawec@nasa.gov,+55 766 336 8413
518,Danna,Doog,6,15,1978,ddooged@shinystat.com,+86 311 284 4979
519,Abby,Golborne,3,20,2002,agolborneee@addthis.com,+62 540 515 4429
520,Nyssa,Roberts,14,15,1981,nrobertsef@howstuffworks.com,+82 551 569 4201
521,Jemie,de Glanville,1,25,1970,jdeglanvilleeg@facebook.com,+27 247 397 1777
522,Paulette,Ogbourne,1,4,1994,pogbourneeh@woothemes.com,+57 768 708 8734
523,Roderigo,Cocksedge,16,14,1976,rcocksedgeei@google.co.jp,+7 370 255 0590
524,Zed,Labro,9,27,1971,zlabroej@bing.com,+351 311 466 3204
525,Ardra,Swansbury,7,3,1989,aswansburyek@ehow.com,+1 781 716 8458
526,Duffy,Crookshanks,12,8,1994,dcrookshanksel@posterous.com,+1 818 927 1534
527,Emmeline,Stebles,2,3,1969,esteblesem@latimes.com,+267 956 148 0562
528,Phineas,Cudbertson,8,12,1975,pcudbertsonen@rambler.ru,+970 134 830 1305
529,Karlis,Geram,14,11,1972,kgerameo@youtu.be,+86 840 676 1883
530,Collette,Brettle,12,2,1971,cbrettleep@webeden.co.uk,+62 824 637 1799
531,Tricia,Peyro,7,7,1988,tpeyroeq@examiner.com,+86 366 598 2912
532,Pablo,Pickersail,13,13,1970,ppickersailer@barnesandnoble.com,
533,Charlena,Gilbertson,5,24,1988,cgilbertsones@buzzfeed.com,+86 557 818 6528
534,Salomi,Paz,12,22,1999,spazet@360.cn,+58 175 853 2514
535,Krista,Andrault,5,4,1990,kandraulteu@joomla.org,+86 673 538 1615
536,Cherilynn,Colbran,12,13,1975,ccolbranev@linkedin.com,+86 939 927 8102
537,Gordie,Jacquemy,6,2,2002,gjacquemyew@istockphoto.com,+33 886 616 6844
538,Andre,Kilford,8,13,1980,akilfordex@census.gov,+86 495 175 8485
539,Garek,Lebel,3,28,1988,glebeley@theatlantic.com,+1 768 272 1804
540,Roley,Scawen,5,3,1989,rscawenez@liveinternet.ru,+48 189 474 4186
541,Melanie,Creese,12,10,1998,mcreesef0@un.org,+387 341 613 0459
542,Theodosia,Craig,5,19,1988,tcraigf1@ucoz.ru,+222 301 289 5086
543,Corty,Headon,5,30,1983,cheadonf2@stanford.edu,+359 884 419 5588
544,Chery,Wrought,10,9,1972,cwroughtf3@admin.ch,+7 836 332 5972
545,Astra,Barke,10,25,1974,abarkef4@icq.com,+62 624 367 2000
546,Lucila,Reaveley,9,2,1992,lreaveleyf5@ow.ly,+86 957 365 8619
547,Paola,Cowles,6,8,1977,pcowlesf6@google.com.au,+386 274 506 1045
548,Geneva,Kernock,2,14,2000,gkernockf7@google.com.hk,+86 837 783 0667
549,Allissa,Adshede,9,10,1972,aadshedef8@china.com.cn,+1 727 578 2615
550,Toby,Bearn,6,19,1991,tbearnf9@photobucket.com,+33 472 281 8408
551,Maggee,Jerzykiewicz,10,11,1974,mjerzykiewiczfa@cornell.edu,+86 605 312 3756
552,Griffin,Imbrey,8,17,1975,gimbreyfb@sun.com,+1 814 720 6396
553,Rancell,Gove,13,1,1984,rgovefc@cargocollective.com,+968 520 212 8758
554,Leonhard,Cowmeadow,6,27,1999,lcowmeadowfd@marketwatch.com,+62 860 282 2081
555,Jule,Decayette,12,15,1983,jdecayettefe@sitemeter.com,+7 419 367 3287
556,Joycelin,Czajkowska,10,31,1989,jczajkowskaff@typepad.com,+1 360 292 5471
557,Lavinie,Rushbury,12,26,1995,lrushburyfg@reverbnation.com,+358 830 684 7003
558,Alva,Keesman,3,29,1980,akeesmanfh@tripod.com,+63 155 411 3028
559,Rhianon,Mallender,3,26,2001,rmallenderfi@chronoengine.com,+62 764 268 8266
560,Codi,Biddell,17,6,1989,cbiddellfj@hostgator.com,+255 447 178 9404
561,Marnie,Snowball,3,5,1991,msnowballfk@barnesandnoble.com,+353 357 858 3556
562,Nicol,McClurg,5,7,1999,nmcclurgfl@ocn.ne.jp,+880 409 536 4443
563,Hamid,Rammell,15,21,1991,hrammellfm@soup.io,+961 735 539 5550
564,Andie,Longworthy,8,6,2001,alongworthyfn@un.org,
565,Martie,Burnyate,9,9,1980,mburnyatefo@hostgator.com,+62 438 705 0523
566,Ryan,Shorto,15,8,1972,rshortofp@acquirethisname.com,+86 318 187 5184
567,Elsinore,Couroy,16,26,1999,ecouroyfq@wunderground.com,+358 342 139 5591
568,Broddy,Sibery,3,13,1994,bsiberyfr@yahoo.co.jp,+48 873 162 9507
569,Tina,Iacomelli,3,13,1989,tiacomellifs@washingtonpost.com,+86 922 833 7409
570,Minta,Prott,11,32,1987,mprottft@google.cn,+84 417 822 7000
571,Theresina,Cowins,5,30,1998,tcowinsfu@unesco.org,+55 361 571 5238
572,Winne,Lehrian,5,3,2002,wlehrianfv@nih.gov,+381 466 220 9672
573,Charmion,Houchin,12,32,1985,chouchinfw@mapquest.com,+977 140 229 5293
574,Nevil,Coneybeare,9,9,2002,nconeybearefx@slideshare.net,+48 445 334 3632
575,Bertie,Boyet,1,11,1977,bboyetfy@hostgator.com,+86 575 622 4883
576,Rebecka,Rebbeck,9,15,1988,rrebbeckfz@github.com,+48 570 744 9401
577,Markus,Selborne,5,25,2002,mselborneg0@aol.com,
578,Turner,Kollas,1,14,1997,tkollasg1@fc2.com,+86 282 677 7544
579,Rebeka,Pallatina,11,11,1971,rpallatinag2@usgs.gov,+380 161 494 0185
580,Hedvig,Lusted,12,28,1997,hlustedg3@jiathis.com,
581,Karol,Vuitte,8,1,1993,kvuitteg4@thetimes.co.uk,+54 730 591 3268
582,Aleda,Loseby,2,6,1994,alosebyg5@cisco.com,+86 661 860 4566
583,Ruth,Millar,11,28,1981,rmillarg6@geocities.com,+55 107 791 3968
584,Homere,Kelinge,8,26,1973,hkelingeg7@marketwatch.com,+7 511 209 3815
585,Chrissie,Lyne,16,5,1988,clyneg8@gov.uk,+48 154 413 1428
586,Phelia,Napier,11,27,1978,pnapierg9@usgs.gov,+54 677 230 9508
587,Prudy,Pharaoh,9,17,2000,ppharaohga@liveinternet.ru,+1 202 283 3454
588,Grete,Sans,4,8,1969,gsansgb@ehow.com,+244 305 266 4344
589,Pamelina,Kimmings,6,25,1992,pkimmingsgc@forbes.com,+86 175 771 8413
590,Eddie,Lightbourn,10,23,1970,elightbourngd@blogspot.com,
591,Ansel,Hitzke,6,6,1974,ahitzkege@npr.org,+1 701 177 0350
592,Perry,Thornborrow,16,29,1970,pthornborrowgf@google.co.jp,+1 910 713 5171
593,Madeleine,Breit,12,5,1979,mbreitgg@guardian.co.uk,+62 945 640 7506
594,Robbie,Jenckes,14,30,2002,rjenckesgh@statcounter.com,+62 325 189 4648
595,Moss,Blazdell,9,7,1985,mblazdellgi@foxnews.com,
596,Giles,Mayling,17,32,1974,gmaylinggj@google.it,+237 439 344 6475
597,Rafael,McFarland,15,31,1983,rmcfarlandgk@cnn.com,+55 721 197 3124
598,Manon,Orro,5,10,1980,morrogl@amazonaws.com,+389 866 794 4278
599,Winne,Ethridge,17,21,1986,wethridgegm@census.gov,+234 673 613 6226
600,Billy,Rogan,8,11,1992,brogangn@qq.com,+509 862 740 9814
601,Cairistiona,Clabburn,4,17,1977,cclabburngo@squarespace.com,+86 765 371 2506
602,Doug,Chaffyn,15,26,1992,dchaffyngp@webmd.com,+351 848 617 8422
603,Johnath,Asee,9,2,1980,jaseegq@domainmarket.com,+1 472 904 1410
604,Muriel,Napoleon,13,4,1998,mnapoleongr@hostgator.com,+234 750 278 2049
605,Devora,Papaminas,16,7,1976,dpapaminasgs@wiley.com,+86 330 159 9833
606,Kinnie,Phebee,16,19,2000,kphebeegt@ebay.co.uk,+420 612 585 3114
607,Cyndie,Macklin,7,2,1970,cmacklingu@goo.gl,+81 658 358 7762
608,Pebrook,Bengoechea,6,18,1981,pbengoecheagv@sina.com.cn,+7 181 718 7573
609,Annecorinne,Dumingos,2,2,1994,adumingosgw@ebay.com,+261 246 778 4146
610,Joshua,Golightly,12,7,1982,jgolightlygx@surveymonkey.com,+54 314 573 9791
611,Currey,Theodore,10,9,1971,ctheodoregy@icq.com,+7 955 485 5077
612,Natividad,Meir,3,15,1969,nmeirgz@sphinn.com,+591 876 634 5865
613,Dorri,Jantet,1,10,1982,djanteth0@craigslist.org,
614,Zena,Succamore,2,15,1994,zsuccamoreh1@csmonitor.com,+84 956 490 7799
615,Hort,Mathers,8,13,1994,hmathersh2@statcounter.com,+86 479 633 2244
616,Delinda,Fincken,13,3,1994,dfinckenh3@theglobeandmail.com,+501 397 195 6244
617,Svend,Baldree,5,1,2001,sbaldreeh4@reverbnation.com,+48 822 358 3450
618,Jeannine,Mayo,4,27,1984,jmayoh5@admin.ch,+81 873 438 9625
619,Margaux,Pina,6,13,1993,mpinah6@unc.edu,+691 897 766 7381
620,Lorne,Fenwick,17,7,1979,lfenwickh7@qq.com,+86 485 162 0801
621,Deny,Barling,1,21,1975,dbarlingh8@phpbb.com,
622,Doll,Reddihough,14,22,1977,dreddihoughh9@meetup.com,+84 595 347 4151
623,Vernice,Bottleson,11,26,1975,vbottlesonha@comsenz.com,+86 241 317 9865
624,Allison,Ambrogioli,8,27,1979,aambrogiolihb@umn.edu,+370 324 102 9678
625,Janella,Shepherd,10,11,1997,jshepherdhc@toplist.cz,+62 777 685 4469
626,Alexio,Coghlin,9,5,1995,acoghlinhd@chicagotribune.com,+86 582 505 0148
627,Barret,Rizzolo,10,30,1995,brizzolohe@cmu.edu,+675 787 747 0246
628,Leighton,Bille,16,26,1984,lbillehf@miibeian.gov.cn,+86 992 358 0772
629,Sal,Wybrew,9,3,2000,swybrewhg@ask.com,+55 575 240 4819
630,Bay,Lebrun,13,22,1999,blebrunhh@addthis.com,+234 606 454 1727
631,Shae,Birchill,2,18,2000,sbirchillhi@omniture.com,+504 330 680 9028
632,Raine,Woodberry,14,16,1992,rwoodberryhj@mapy.cz,+33 459 461 7950
633,Dannye,Saphir,7,32,1994,dsaphirhk@goo.ne.jp,+7 289 596 7998
634,Sharona,Doodney,11,28,1987,sdoodneyhl@youku.com,+358 739 977 3398
635,Felipa,Petofi,17,25,1994,fpetofihm@mac.com,+57 415 746 3976
636,Gradeigh,Olwen,16,9,2000,golwenhn@cnet.com,+48 894 378 1185
637,Dulcie,Gammage,13,2,1994,dgammageho@tmall.com,+86 906 275 9432
638,Sydney,Evequot,3,4,1974,sevequothp@jugem.jp,+33 759 111 0696
639,Torrie,Burrill,5,18,1970,tburrillhq@admin.ch,+51 675 118 4036
640,Joye,Dann,4,11,1972,jdannhr@nasa.gov,+220 518 157 1105
641,Melodie,Sellen,10,4,1984,msellenhs@youtube.com,+46 421 715 0238
642,Moishe,Bastin,11,27,1970,mbastinht@latimes.com,+62 620 556 4004
643,Otho,Shireff,9,24,1970,oshireffhu@prweb.com,+86 698 464 1117
644,Fleur,Earl,16,32,1976,fearlhv@flavors.me,+228 269 808 7640
645,Ellen,Heinssen,14,32,1995,eheinssenhw@elegantthemes.com,+62 330 909 2060
646,Goldina,Ablewhite,5,2,1984,gablewhitehx@furl.net,+7 663 110 0576
647,Douglass,Milmo,12,13,2000,dmilmohy@earthlink.net,+86 580 787 6121
648,Cristen,Domoney,4,15,1974,cdomoneyhz@goo.gl,+62 195 340 7392
649,Devin,Rachuig,12,16,1986,drachuigi0@elpais.com,+62 800 130 2842
650,Artemus,Werndley,10,1,1996,awerndleyi1@examiner.com,+86 117 495 6844
651,Joell,Malyon,16,21,1993,jmalyoni2@baidu.com,+56 299 235 7178
652,Rosabelle,Stang-Gjertsen,4,29,1984,rstanggjertseni3@elpais.com,+81 140 979 7616
653,Hi,Middlemass,3,4,1969,hmiddlemassi4@tinypic.com,
654,Aurelie,Patman,13,13,1998,apatmani5@biglobe.ne.jp,+54 948 533 0804
655,Martyn,Ryder,17,29,2002,mryderi6@amazon.com,+86 369 651 5129
656,Elspeth,Edgson,15,2,1996,eedgsoni7@sina.com.cn,+57 850 459 2658
657,Maury,Thurgood,16,10,1980,mthurgoodi8@blogspot.com,+86 249 186 9846
658,Major,Latehouse,9,4,1976,mlatehousei9@berkeley.edu,+251 674 608 9040
659,Tibold,Warnock,7,5,1985,twarnockia@newsvine.com,+47 143 426 0004
660,Alwin,Melwall,13,18,1974,amelwallib@apache.org,+47 551 885 6689
661,Rosemaria,Arnaud,5,6,2000,rarnaudic@dagondesign.com,+62 359 661 4304
662,Davon,Kinnerk,13,29,1992,dkinnerkid@ted.com,
663,Austine,Upwood,15,17,2000,aupwoodie@army.mil,+966 693 137 8413
664,Aloise,Frederick,6,25,1987,afrederickif@tmall.com,+86 482 506 5122
665,Evangeline,McClory,12,22,1985,emccloryig@networkadvertising.org,+86 449 320 1189
666,Eulalie,Probbin,17,31,1979,eprobbinih@storify.com,+1 516 189 2997
667,Emmet,Epton,7,28,1979,eeptonii@ifeng.com,+7 994 987 6861
668,Alvin,Oland,14,9,1975,aolandij@fc2.com,+86 624 185 1220
669,Ephraim,O Mullen,17,23,1990,eomullenik@cnn.com,+30 640 681 6661
670,Jami,Culbert,10,2,1997,jculbertil@loc.gov,+63 618 205 3869
671,Teresina,Bertelmot,11,15,1984,tbertelmotim@oakley.com,+63 938 719 4795
672,Vivyanne,Battelle,6,28,1992,vbattellein@wix.com,+55 659 137 0394
673,Evelin,Follet,10,20,2001,efolletio@ehow.com,+86 338 703 3503
674,Dougy,Erasmus,13,16,1996,derasmusip@cdc.gov,+86 383 527 9633
675,Salvidor,Rawet,17,23,1993,srawetiq@elegantthemes.com,+373 830 918 8218
676,Leland,Balaison,16,4,1973,lbalaisonir@google.com.au,+62 691 228 8622
677,Abbi,Rival,13,7,1976,arivalis@sogou.com,+46 389 431 0960
678,Frasco,Galliver,6,10,1982,fgalliverit@whitehouse.gov,+93 689 184 3676
679,Merci,Casazza,9,10,1976,mcasazzaiu@pbs.org,+212 388 430 0255
680,Holly,Coundley,13,28,1978,hcoundleyiv@theguardian.com,+598 931 377 2009
681,Byrom,Reddington,16,26,1995,breddingtoniw@sourceforge.net,+86 911 474 1441
682,Lilllie,Bosquet,10,4,1976,lbosquetix@house.gov,+86 288 929 0592
683,Ondrea,Withinshaw,14,22,1981,owithinshawiy@cbslocal.com,+58 502 289 3899
684,Frank,Samsworth,5,32,2001,fsamsworthiz@un.org,+7 223 194 7220
685,Annora,Lovett,16,1,1979,alovettj0@mozilla.org,
686,Kara,Gibbon,5,10,1971,kgibbonj1@wufoo.com,+504 321 159 5264
687,Rosalinde,Edgeler,13,9,1980,redgelerj2@hibu.com,+86 553 770 0061
688,Bruce,Sackey,2,32,1975,bsackeyj3@yelp.com,+86 917 909 8949
689,Rufe,Skittle,10,10,1983,rskittlej4@spotify.com,+1 497 953 6536
690,Abbie,Langthorne,11,5,1987,alangthornej5@over-blog.com,
691,Nannette,Senechault,7,15,2000,nsenechaultj6@google.com.br,+383 267 949 8065
692,Curcio,Johnson,1,14,1972,cjohnsonj7@mtv.com,+86 417 326 6352
693,Ignazio,Tomczykiewicz,6,28,1982,itomczykiewiczj8@theguardian.com,+86 712 411 3016
694,Krystyna,Basler,8,31,1979,kbaslerj9@chronoengine.com,+46 698 392 1909
695,Elfrida,Siveter,2,2,1973,esiveterja@springer.com,+98 899 698 1970
696,Antonino,Petera,13,15,1972,apeterajb@sbwire.com,+33 326 446 1764
697,Nedda,Bradmore,8,26,1975,nbradmorejc@nih.gov,+86 380 661 3960
698,Queenie,Bearn,1,1,1997,qbearnjd@tiny.cc,+48 433 801 1500
699,Calida,Slatcher,15,14,2002,cslatcherje@vkontakte.ru,+420 339 280 6088
700,Lionello,Ollcott,4,23,1978,lollcottjf@guardian.co.uk,+81 906 969 9215
701,Egor,Basini-Gazzi,16,18,1971,ebasinigazzijg@google.co.jp,+86 145 113 4878
702,Cullin,Chapelle,17,29,1981,cchapellejh@xinhuanet.com,
703,Stewart,Braidley,16,25,1992,sbraidleyji@mozilla.org,+86 795 759 1358
704,Sherye,Wakefield,1,28,1989,swakefieldjj@hc360.com,+54 207 774 6777
705,Xena,Gold,9,19,1974,xgoldjk@japanpost.jp,+62 520 181 1932
706,Noble,Salmons,1,17,2001,nsalmonsjl@ezinearticles.com,
707,Guinna,Edlington,10,10,1985,gedlingtonjm@amazon.co.jp,+27 433 904 8039
708,Bancroft,Charters,7,3,1975,bchartersjn@arstechnica.com,+86 504 712 3585
709,Lauri,Prydden,16,20,1987,lpryddenjo@1und1.de,
710,Maureene,Scougal,12,18,2002,mscougaljp@tamu.edu,+86 503 181 2512
711,Frayda,Ridolfi,14,27,2001,fridolfijq@elpais.com,+591 154 261 1859
712,Isac,Philipeaux,4,32,1997,iphilipeauxjr@blogtalkradio.com,+36 581 220 3332
713,Tanney,Goodee,17,15,1991,tgoodeejs@sphinn.com,+63 238 421 1597
714,Jan,de Copeman,17,11,1980,jdecopemanjt@unicef.org,+51 127 424 3768
715,Xever,Creegan,15,29,1980,xcreeganju@jigsy.com,+353 694 720 0622
716,Leese,Hewins,4,3,1987,lhewinsjv@blogtalkradio.com,+503 347 265 2310
717,Kerstin,De Angelis,10,22,1979,kdeangelisjw@apple.com,+63 944 121 0689
718,Viviana,Dobbie,5,29,1990,vdobbiejx@google.ca,
719,Marley,Borrows,3,12,1989,mborrowsjy@prlog.org,+46 850 196 6531
720,Conny,Corran,7,5,1982,ccorranjz@dell.com,+63 170 717 7600
721,Barbe,Bettenay,17,29,1974,bbettenayk0@statcounter.com,+963 963 321 7485
722,Taddeusz,Spondley,12,2,1978,tspondleyk1@cargocollective.com,+352 632 292 6673
723,Sheila,Weems,16,19,2001,sweemsk2@cnn.com,+48 328 247 8044
724,Belva,Windridge,3,30,2001,bwindridgek3@guardian.co.uk,+34 748 704 6262
725,Eleonore,Tweddle,17,21,1982,etweddlek4@soundcloud.com,
726,Isidoro,Liddard,14,3,1986,iliddardk5@mtv.com,+351 362 892 4410
727,Noella,Blazevic,3,18,1972,nblazevick6@wikimedia.org,+420 879 744 6229
728,Sal,Brewin,15,29,1993,sbrewink7@yale.edu,+47 741 319 4912
729,Ddene,Dick,1,12,1978,ddickk8@seesaa.net,+55 811 440 9788
730,Bertie,Triswell,2,27,1983,btriswellk9@phoca.cz,+86 262 120 1295
731,Morissa,Muat,5,2,1988,mmuatka@wufoo.com,+62 567 875 6331
732,Pauletta,Pavek,4,8,1994,ppavekkb@vkontakte.ru,+55 596 801 1766
733,Alexei,Gibberd,12,23,1977,agibberdkc@webmd.com,+30 980 686 6486
734,Jaquenetta,Pieroni,2,29,1989,jpieronikd@upenn.edu,+46 233 633 0019
735,Katrine,Cristou,10,5,1977,kcristouke@irs.gov,+387 384 242 8324
736,Sarajane,Reily,4,6,1971,sreilykf@amazon.de,+256 779 133 4938
737,Trever,Stockwell,16,29,1989,tstockwellkg@weibo.com,+256 348 253 6057
738,Massimiliano,Brereton,5,26,1995,mbreretonkh@weibo.com,+62 485 582 4024
739,Meagan,Dunderdale,11,11,1985,mdunderdaleki@pcworld.com,+86 995 617 2372
740,Fleming,Oxtaby,2,13,1979,foxtabykj@icio.us,+86 348 590 8340
741,Britni,See,15,10,1975,bseekk@google.ru,+81 452 336 7234
742,Lissa,Stoll,6,27,1990,lstollkl@nifty.com,+62 202 594 6977
743,Elsy,Felton,10,8,1999,efeltonkm@cloudflare.com,+7 851 243 9738
744,Tobit,Billson,14,10,1971,tbillsonkn@usda.gov,+380 494 386 3331
745,Corette,Faunt,11,4,1970,cfauntko@wikipedia.org,+1 313 728 4520
746,Inez,Elsmere,6,16,1984,ielsmerekp@sohu.com,+54 437 919 6072
747,Jobina,Van Dijk,10,15,1973,jvandijkkq@fotki.com,+55 612 175 9606
748,Cathleen,Keene,6,9,1988,ckeenekr@thetimes.co.uk,+48 238 633 2704
749,Deanne,Wellen,17,15,1970,dwellenks@cocolog-nifty.com,+62 113 153 5129
750,Florence,Sleit,5,9,2001,fsleitkt@washington.edu,+599 994 562 0714
751,Caspar,Giffon,17,13,1976,cgiffonku@microsoft.com,+46 732 397 6194
752,Quintus,Synnott,2,19,1989,qsynnottkv@devhub.com,+30 893 228 6836
753,Niels,Kahen,4,16,1990,nkahenkw@cbc.ca,+86 866 821 1187
754,Bria,Abramino,7,3,1982,babraminokx@imageshack.us,+235 195 100 7177
755,Cris,O'Canavan,15,20,2000,cocanavanky@technorati.com,+86 973 834 4527
756,Dov,Duiged,1,18,1992,dduigedkz@trellian.com,+63 870 574 9574
757,Sheree,Josephy,14,27,1972,sjosephyl0@prnewswire.com,+33 549 275 2877
758,Shannan,Tolumello,7,8,1992,stolumellol1@google.co.uk,+30 126 315 2365
759,Charleen,Izzat,10,1,1974,cizzatl2@gnu.org,+57 210 391 2219
760,Maisie,Snooks,13,23,1999,msnooksl3@digg.com,+86 528 954 5703
761,Hope,Reddin,15,5,2001,hreddinl4@usa.gov,+86 889 382 6831
762,Lilith,Putley,8,1,1993,lputleyl5@slate.com,+86 971 768 2549
763,Frederich,Garland,17,26,1997,fgarlandl6@examiner.com,+30 713 888 8834
764,Neile,Philot,12,5,1992,nphilotl7@github.io,+86 842 995 8368
765,Ursala,Elsmore,13,12,1989,uelsmorel8@meetup.com,+380 561 637 7851
766,Lorin,Gypson,15,11,1988,lgypsonl9@java.com,+351 460 184 5865
767,Lil,Christian,11,7,1980,lchristianla@edublogs.org,
768,Trip,Lillford,2,30,1995,tlillfordlb@cnbc.com,+86 959 897 3508
769,Carlin,Birchall,9,31,1995,cbirchalllc@virginia.edu,+66 548 469 3263
770,Jeane,Feldbau,11,11,1990,jfeldbauld@cdbaby.com,+1 203 519 6019
771,Stephannie,Benoy,3,5,1971,sbenoyle@themeforest.net,+63 396 207 9248
772,Rafa,Shrawley,7,5,1970,rshrawleylf@list-manage.com,+52 577 941 9188
773,Tedie,Jahner,2,29,1984,tjahnerlg@wired.com,+1 310 142 2400
774,Gelya,Lexa,6,9,2000,glexalh@miibeian.gov.cn,+1 702 460 3788
775,Lynn,Dibsdale,7,27,1976,ldibsdaleli@lulu.com,+7 590 283 3909
776,Lauretta,Chiechio,6,1,1991,lchiechiolj@upenn.edu,+55 704 295 3463
777,Maurizio,Joiner,6,20,1972,mjoinerlk@facebook.com,+63 236 482 4079
778,Biddy,Winskill,4,5,1982,bwinskillll@imageshack.us,+86 970 525 8567
779,Gilberte,Spadeck,1,23,1979,gspadecklm@phoca.cz,+33 110 121 2522
780,Broderic,Pughe,1,1,1981,bpugheln@4shared.com,+63 793 343 1960
781,Mathian,Bourbon,11,25,1998,mbourbonlo@marketwatch.com,+62 842 477 5387
782,Valencia,Daout,15,7,2000,vdaoutlp@slideshare.net,
783,Roderigo,Reace,5,10,1977,rreacelq@dailymail.co.uk,+994 244 429 5812
784,Bogey,Lebourn,17,20,1991,blebournlr@vistaprint.com,+62 824 702 1794
785,Octavia,Pavia,7,15,1980,opavials@taobao.com,+54 797 632 0368
786,Bartolomeo,Hew,8,1,1994,bhewlt@oakley.com,
787,Doreen,Harbage,7,29,1979,dharbagelu@ucoz.com,+7 748 738 2303
788,Christine,Kopfen,5,5,1992,ckopfenlv@skyrock.com,+62 364 643 2854
789,Jaye,Pencott,1,11,1998,jpencottlw@salon.com,+967 177 262 1841
790,Corrina,Bridgett,1,5,1985,cbridgettlx@instagram.com,+55 570 164 4013
791,Conway,McMechan,5,19,1978,cmcmechanly@columbia.edu,+54 386 991 0755
792,Alphonse,Gerritzen,1,19,1999,agerritzenlz@skype.com,+86 277 577 9137
793,Shena,Shakespeare,1,4,1995,sshakespearem0@census.gov,+261 188 567 0068
794,Marjory,Hollows,14,3,1979,mhollowsm1@g.co,+62 161 950 4119
795,Wandie,Benedick,8,12,1986,wbenedickm2@zimbio.com,+30 804 256 3967
796,Tasha,Loft,12,15,1984,tloftm3@adobe.com,+62 111 608 9160
797,Gannon,Surgood,6,21,1993,gsurgoodm4@jigsy.com,+81 493 691 5981
798,Padraic,Malins,13,5,1982,pmalinsm5@cmu.edu,+66 353 838 1529
799,Aileen,Botly,2,21,1998,abotlym6@blogspot.com,+353 133 854 8718
800,Kale,Thick,10,26,1999,kthickm7@vk.com,+351 201 162 9283
801,Neron,Brattell,8,14,1977,nbrattellm8@cam.ac.uk,+7 219 998 9076
802,Rozelle,Stubbe,14,17,1982,rstubbem9@linkedin.com,+1 979 334 0398
803,Bettye,Madine,15,11,1997,bmadinema@livejournal.com,+212 791 138 0124
804,Maxim,Schober,15,16,1996,mschobermb@imdb.com,+51 105 517 9642
805,Chrissy,Richford,12,17,1981,crichfordmc@aboutads.info,+63 927 127 6003
806,Griff,Bladen,13,25,1979,gbladenmd@angelfire.com,+86 103 862 9831
807,Mathe,Avon,3,1,1987,mavonme@msu.edu,+33 113 500 5312
808,Cristi,Calles,13,4,1969,ccallesmf@youku.com,+48 719 754 2088
809,Jefferey,Gaspar,17,1,1989,jgasparmg@domainmarket.com,+63 253 859 0723
810,Berkley,Fredy,6,25,1975,bfredymh@nifty.com,+62 569 746 1557
811,Sheff,Rielly,4,1,1976,sriellymi@tmall.com,
812,Niki,McCrae,2,14,1972,nmccraemj@cnet.com,+962 232 818 7373
813,Fraze,Scare,5,17,2001,fscaremk@uiuc.edu,+7 537 578 8297
814,Yuma,Arbon,14,17,1995,yarbonml@jiathis.com,
815,Lorin,Longhorne,12,11,1988,llonghornemm@nsw.gov.au,+86 666 632 9775
816,Berrie,Millyard,2,20,1977,bmillyardmn@imageshack.us,+86 710 719 0919
817,Ulrich,Walbrook,13,6,1970,uwalbrookmo@devhub.com,+48 272 331 3276
818,Melody,Padell,8,14,1970,mpadellmp@google.co.uk,+33 337 685 8969
819,Gussi,Cockerham,7,11,1998,gcockerhammq@dedecms.com,+7 274 654 8902
820,Helene,Skipper,2,19,1997,hskippermr@posterous.com,+960 355 575 5082
821,Aundrea,Tesche,17,2,1998,ateschems@npr.org,+380 250 325 4370
822,Rosabelle,Moulder,15,19,2001,rmouldermt@ezinearticles.com,+62 110 884 9596
823,Katti,Braghini,16,24,1996,kbraghinimu@tmall.com,+86 453 967 2648
824,Lucia,George,2,11,1989,lgeorgemv@about.me,+351 612 184 8406
825,Porty,Tithacott,14,4,1969,ptithacottmw@moonfruit.com,+1 850 967 3655
826,Redford,Casarini,6,18,1995,rcasarinimx@mashable.com,+1 498 262 2148
827,Lucilia,Dyhouse,1,11,1972,ldyhousemy@twitter.com,+86 522 170 1617
828,Lottie,Briscam,14,5,1997,lbriscammz@nifty.com,+66 859 923 9409
829,Emmit,Tanby,16,12,1998,etanbyn0@i2i.jp,+506 543 705 0410
830,Arlina,Kliemann,13,9,1978,akliemannn1@vkontakte.ru,+33 662 374 4283
831,Thorny,Pattisson,16,12,2001,tpattissonn2@ca.gov,+380 291 317 4311
832,Fianna,Butler-Bowdon,14,1,2001,fbutlerbowdonn3@constantcontact.com,+63 950 930 3864
833,Fidelio,Tulloch,13,14,1983,ftullochn4@godaddy.com,
834,Alyosha,Tebbe,9,25,1990,atebben5@amazon.com,+963 638 220 0571
835,Hardy,Giffen,14,2,1983,hgiffenn6@guardian.co.uk,+1 919 935 6124
836,Doll,Czyz,12,26,1973,dczyzn7@howstuffworks.com,+242 554 214 0326
837,Randal,Bayns,4,24,1996,rbaynsn8@state.tx.us,+86 252 162 8239
838,Eustacia,Lefort,9,9,1978,elefortn9@fema.gov,+48 690 174 9901
839,Ryon,Yoselevitch,17,20,2001,ryoselevitchna@dedecms.com,
840,Almeda,Mertin,14,16,1990,amertinnb@4shared.com,+351 382 588 4609
841,Carrissa,Lippingwell,13,29,1995,clippingwellnc@mozilla.org,+351 293 913 2933
842,Gwendolyn,Kembery,3,23,1993,gkemberynd@xrea.com,+86 887 707 7878
843,Lacey,Smoote,16,11,1970,lsmootene@xing.com,+1 831 858 0441
844,Karlyn,Mathet,12,32,1972,kmathetnf@msn.com,+86 603 647 1985
845,Mead,Manion,2,16,1978,mmanionng@accuweather.com,+55 887 673 4926
846,Niall,Alderwick,5,11,1999,nalderwicknh@hubpages.com,+62 754 444 5637
847,Ed,Huetson,10,1,1991,ehuetsonni@mozilla.org,+46 437 854 2583
848,Thadeus,Tootal,6,29,1979,ttootalnj@surveymonkey.com,+7 619 890 9933
849,Ruby,Sapir,11,18,1987,rsapirnk@vkontakte.ru,+48 729 443 1685
850,Merline,Nichol,5,26,1971,mnicholnl@github.io,+351 339 842 5614
851,Winfield,Edmonson,16,15,1999,wedmonsonnm@wunderground.com,+46 676 876 2410
852,Audrye,Springle,7,32,2002,aspringlenn@google.pl,+86 391 746 8615
853,Auria,Stryde,16,19,1989,astrydeno@unesco.org,+1 719 760 0802
854,Page,Aleixo,15,16,2001,paleixonp@themeforest.net,+351 143 482 7347
855,Tamarah,Sommersett,1,9,1984,tsommersettnq@tinyurl.com,+86 152 188 1911
856,Cleve,Tofano,9,14,1990,ctofanonr@angelfire.com,+63 144 486 8656
857,Renie,Fayers,7,12,1997,rfayersns@fastcompany.com,+1 675 258 7820
858,Harwilll,Zielinski,7,1,1990,hzielinskint@flickr.com,+62 629 102 5037
859,Isabelle,Brolly,6,15,1987,ibrollynu@vimeo.com,
860,Philis,Ramel,1,10,2001,pramelnv@ustream.tv,+7 470 107 3297
861,Elyn,Bradbury,10,5,2001,ebradburynw@cisco.com,+996 895 950 5183
862,Imelda,Askem,2,11,1974,iaskemnx@freewebs.com,+7 588 557 6829
863,Delila,Hagston,11,6,1992,dhagstonny@washington.edu,+33 871 221 4328
864,Lilli,Rasor,9,5,1992,lrasornz@joomla.org,+86 796 844 0911
865,Jammal,Tille,16,1,2002,jtilleo0@last.fm,+86 243 102 0432
866,Klarrisa,Cardenosa,15,32,1971,kcardenosao1@bbb.org,+95 624 899 8061
867,Zitella,Ormston,11,19,1973,zormstono2@guardian.co.uk,
868,Deborah,Antcliffe,9,28,1990,dantcliffeo3@google.nl,+46 405 786 5529
869,Bryanty,O'Monahan,11,13,1970,bomonahano4@cmu.edu,+423 810 852 5547
870,Sibeal,Mart,14,10,1992,smarto5@umn.edu,+48 929 119 9180
871,Arvin,Huard,1,29,1990,ahuardo6@house.gov,+62 716 454 4011
872,Craggie,Settle,13,18,1976,csettleo7@techcrunch.com,+1 512 626 3167
873,Ainslie,Mepsted,6,27,1993,amepstedo8@narod.ru,
874,Helli,Balcombe,7,8,1973,hbalcombeo9@google.ca,+60 438 636 7954
875,Nonnah,Pinn,1,32,1980,npinnoa@studiopress.com,+30 967 247 9861
876,Corena,Dacres,2,13,1982,cdacresob@macromedia.com,+48 615 801 4909
877,Nataline,Garnsworthy,8,2,1983,ngarnsworthyoc@hp.com,+92 861 812 3943
878,Honey,Laguerre,9,23,1984,hlaguerreod@yellowbook.com,
879,Tove,Trubshawe,7,16,1975,ttrubshaweoe@cargocollective.com,+51 862 729 4844
880,Leighton,Caddy,2,31,1993,lcaddyof@gmpg.org,+86 954 827 6913
881,Shermie,Ucceli,10,22,1997,succeliog@nih.gov,+51 985 443 3299
882,Shamus,Faers,9,14,1994,sfaersoh@smugmug.com,+63 879 999 8888
883,Myrvyn,Andreini,6,4,1983,mandreinioi@diigo.com,+34 927 250 3077
884,Syman,Hagan,12,26,1982,shaganoj@delicious.com,+55 526 762 3587
885,Glenn,Sissot,2,21,1985,gsissotok@mashable.com,+55 997 938 9942
886,Archie,Glass,1,23,1969,aglassol@nsw.gov.au,+1 203 995 0003
887,Janelle,Tranckle,8,8,1984,jtranckleom@google.com.br,+30 453 795 4095
888,Conny,Saur,10,1,1979,csauron@51.la,+62 844 423 8746
889,Karlen,Stodart,5,2,1992,kstodartoo@statcounter.com,+48 414 200 1863
890,Leighton,Rawet,3,28,1989,lrawetop@yahoo.com,+62 713 890 7499
891,Florette,Guerrin,10,15,1986,fguerrinoq@yahoo.com,+82 141 173 3292
892,Leland,Selland,9,28,1996,lsellandor@goodreads.com,+86 571 742 0140
893,Lotty,Bettison,2,16,1976,lbettisonos@ibm.com,+93 124 831 6882
894,Sabina,Scown,9,19,1971,sscownot@wikimedia.org,+86 994 977 6234
895,Fulton,Cantero,15,29,1985,fcanteroou@a8.net,
896,Kimberly,Jailler,12,5,1991,kjaillerov@unesco.org,+86 432 392 1710
897,Berthe,Cradick,3,12,1993,bcradickow@bloglovin.com,+44 578 321 3726
898,Hedi,Gooke,15,20,1998,hgookeox@oaic.gov.au,+420 271 864 2497
899,Pavia,Cranna,4,8,1995,pcrannaoy@dyndns.org,+86 380 235 5241
900,Rudiger,Fattori,15,18,1987,rfattorioz@gov.uk,+66 684 304 3901
901,Ambrose,Danilovic,4,28,1993,adanilovicp0@blogger.com,+7 563 961 6438
902,Tillie,Minot,9,25,1982,tminotp1@cbsnews.com,+33 414 960 0673
903,Clarice,Schlagtmans,7,21,1974,cschlagtmansp2@angelfire.com,+509 870 424 2364
904,Ryley,Reast,14,6,1970,rreastp3@themeforest.net,+7 376 800 9115
905,Ewan,Pawsey,11,15,1976,epawseyp4@google.de,+46 828 349 3071
906,Melinde,Busfield,4,29,1974,mbusfieldp5@eepurl.com,+86 472 899 8810
907,Aubrey,Tomblett,7,2,1990,atomblettp6@nyu.edu,+54 405 216 7026
908,Aurelia,Harkus,2,30,1970,aharkusp7@redcross.org,+55 567 869 7924
909,Brigitta,Goracci,3,31,1986,bgoraccip8@istockphoto.com,+86 575 748 9629
910,Field,Oakenfield,1,30,1980,foakenfieldp9@zimbio.com,+86 989 151 5632
911,Jami,Entwhistle,11,28,1996,jentwhistlepa@ask.com,
912,Vivi,Gerriessen,17,1,1993,vgerriessenpb@salon.com,+370 944 845 4434
913,Maxwell,Satterley,14,18,1997,msatterleypc@washington.edu,+54 342 151 9616
914,Hedi,Sall,6,10,1971,hsallpd@freewebs.com,+57 803 299 6493
915,Rosanne,Baptie,1,4,1992,rbaptiepe@bluehost.com,+84 704 439 4660
916,Allie,Poznan,9,5,1995,apoznanpf@reddit.com,+63 306 374 9423
917,Belia,Drinkhall,17,24,1970,bdrinkhallpg@dropbox.com,+7 430 117 0829
918,Meaghan,Mawne,2,21,2001,mmawneph@ibm.com,+66 436 502 1411
919,Gerik,Harlock,2,2,1988,gharlockpi@godaddy.com,+82 732 255 1459
920,Ailene,Foy,2,32,1974,afoypj@posterous.com,+46 781 367 7169
921,Gretchen,Caulcutt,12,1,1983,gcaulcuttpk@meetup.com,+86 781 887 7748
922,Charisse,Brognot,16,11,1986,cbrognotpl@msn.com,+48 805 337 1377
923,Courtenay,Ballantyne,5,6,1993,cballantynepm@issuu.com,+420 274 722 8450
924,Rollo,Mapowder,10,20,1982,rmapowderpn@istockphoto.com,+63 877 678 1808
925,Anatola,Hurley,12,14,1970,ahurleypo@virginia.edu,+53 948 184 9309
926,Sula,Winchurst,7,3,1997,swinchurstpp@tmall.com,+385 542 879 8697
927,Kizzee,Abyss,14,18,1970,kabysspq@stanford.edu,+49 455 809 4706
928,Toma,Trevithick,8,21,1977,ttrevithickpr@ucoz.ru,+380 108 239 5800
929,Carolann,Gold,9,5,1985,cgoldps@nhs.uk,+380 974 318 8123
930,Carine,Benettini,15,9,1991,cbenettinipt@scientificamerican.com,+86 365 815 8654
931,Howie,Dedney,3,3,1969,hdedneypu@friendfeed.com,+98 231 114 4837
932,Kev,Resdale,13,1,1992,kresdalepv@com.com,+30 742 517 5055
933,Gaultiero,MacKibbon,8,12,1985,gmackibbonpw@amazon.com,+86 466 829 2709
934,Xymenes,Hawkwood,17,27,1984,xhawkwoodpx@diigo.com,+86 785 208 0766
935,Towny,Caplan,6,7,1972,tcaplanpy@weather.com,+86 380 405 5343
936,Judie,Karsh,3,21,1970,jkarshpz@sciencedaily.com,+1 512 130 7724
937,Konstanze,Fireman,6,29,2001,kfiremanq0@umich.edu,+48 650 381 7861
938,Xena,Hallor,15,18,1997,xhallorq1@businessweek.com,+33 201 502 5705
939,Lonnie,Guite,10,31,1981,lguiteq2@ed.gov,+48 499 146 8398
940,Abdel,Toll,15,6,1980,atollq3@sohu.com,+351 500 553 4674
941,Verine,Wilstead,17,27,1987,vwilsteadq4@dmoz.org,+86 106 536 6613
942,Colan,Gibbett,6,22,1997,cgibbettq5@ucoz.com,+352 319 220 0346
943,Tally,Gladyer,3,3,1974,tgladyerq6@amazonaws.com,+57 880 311 8877
944,Guglielma,Cranmor,1,1,1998,gcranmorq7@g.co,+51 208 710 6030
945,Marley,Birnie,13,17,1992,mbirnieq8@omniture.com,+62 631 717 6521
946,Carlynn,Bennoe,15,28,1996,cbennoeq9@tamu.edu,+46 130 243 6441
947,Caddric,Dietzler,13,3,1986,cdietzlerqa@youtu.be,+86 485 250 4842
948,Kim,O'Beirne,1,5,1971,kobeirneqb@msu.edu,+33 427 175 7161
949,Dmitri,Vosper,4,4,2000,dvosperqc@pen.io,+598 103 336 4584
950,Grace,Tamas,7,27,1990,gtamasqd@taobao.com,+1 815 992 8932
951,Ophelia,McRuvie,15,18,1995,omcruvieqe@constantcontact.com,+421 689 635 2740
952,Cristy,Tedder,6,11,1972,ctedderqf@ftc.gov,+46 284 951 6304
953,Bourke,Gothliff,8,20,1982,bgothliffqg@japanpost.jp,+351 591 179 3338
954,Beatrix,Moorcroft,10,8,1999,bmoorcroftqh@go.com,+63 386 493 6067
955,Roseann,O'Dulchonta,2,6,2002,rodulchontaqi@nationalgeographic.com,+55 800 154 4017
956,Abner,Fazackerley,9,23,1984,afazackerleyqj@topsy.com,+62 247 561 3480
957,Shurlock,Rookesby,8,29,1975,srookesbyqk@tripadvisor.com,+62 942 245 8548
958,Evania,Rimes,8,26,1981,erimesql@boston.com,+86 307 176 2994
959,Michal,Beniesh,13,30,1982,mbenieshqm@tripadvisor.com,+380 553 882 5474
960,Cristiano,McAnulty,14,16,1998,cmcanultyqn@kickstarter.com,+86 172 706 1166
961,Corbett,Joyce,16,26,1977,cjoyceqo@amazon.co.jp,+86 627 749 4249
962,Lilas,Syms,13,16,1973,lsymsqp@icio.us,
963,Dud,Toffano,3,9,1991,dtoffanoqq@jiathis.com,+381 115 503 5943
964,Winfred,Wombwell,14,29,1986,wwombwellqr@ezinearticles.com,+52 940 980 2982
965,Flynn,Iglesias,6,17,2002,figlesiasqs@a8.net,+52 850 653 0086
966,Sibeal,Arderne,3,9,1983,sarderneqt@newsvine.com,+375 663 779 1033
967,Johan,Chamberlaine,16,12,1990,jchamberlainequ@studiopress.com,+62 138 441 8538
968,Elora,Hayle,10,17,1983,ehayleqv@amazon.co.jp,+62 566 136 6394
969,Corina,Losebie,8,23,1979,closebieqw@usda.gov,+55 980 730 5071
970,Vitoria,Grzelak,17,4,1993,vgrzelakqx@sogou.com,
971,Lina,Spurdon,11,30,1979,lspurdonqy@delicious.com,+54 170 305 6885
972,Avivah,Hunter,13,15,1973,ahunterqz@answers.com,+1 515 423 7980
973,Mara,Searles,3,18,1999,msearlesr0@indiatimes.com,+1 231 429 1368
974,Sile,Czajka,4,5,2002,sczajkar1@nih.gov,+48 761 195 1962
975,Dudley,Warboy,10,26,1987,dwarboyr2@irs.gov,+86 433 403 7686
976,Kizzee,Pogg,1,11,1988,kpoggr3@qq.com,+591 976 690 2725
977,Cortney,Crumly,1,18,1982,ccrumlyr4@microsoft.com,+86 789 926 7296
978,Berrie,Dudny,7,26,1985,bdudnyr5@nydailynews.com,+261 432 589 2778
979,Leeanne,Toten,6,30,2001,ltotenr6@reference.com,+86 310 822 4623
980,Emerson,Basketter,15,8,1988,ebasketterr7@clickbank.net,+33 947 203 4721
981,Ulla,Cranny,14,32,1987,ucrannyr8@taobao.com,+63 768 198 9347
982,Dorelia,Padly,14,10,1973,dpadlyr9@google.com.br,+381 237 438 9002
983,Adelbert,Orchard,12,30,1997,aorchardra@sphinn.com,+7 274 589 6642
984,Charity,Klousner,14,3,1991,cklousnerrb@acquirethisname.com,+47 102 490 1169
985,Joice,Miall,9,32,1975,jmiallrc@geocities.com,+1 503 952 6040
986,Joyann,Lusher,7,3,1997,jlusherrd@behance.net,+7 726 285 4769
987,Helge,Haitlie,4,13,1992,hhaitliere@independent.co.uk,+880 140 935 4135
988,Abby,Mowday,17,4,1970,amowdayrf@ask.com,+86 895 565 5742
989,Nelli,Sandever,10,12,1983,nsandeverrg@cdbaby.com,+48 308 142 5794
990,Malinda,Talman,11,22,1984,mtalmanrh@tmall.com,+1 982 454 7573
991,Laureen,Tomanek,17,25,1976,ltomanekri@thetimes.co.uk,+63 732 191 4644
992,Paco,Mannering,11,4,1972,pmanneringrj@miitbeian.gov.cn,+502 960 375 9490
993,Nertie,Kenworthey,16,32,1991,nkenwortheyrk@japanpost.jp,+63 164 854 3859
994,Ardisj,Linay,15,21,1971,alinayrl@people.com.cn,
995,Ora,Radwell,3,23,1992,oradwellrm@ameblo.jp,+256 920 231 8404
996,Madonna,Izon,12,16,1974,mizonrn@discuz.net,
997,Bordy,Ethington,16,16,1975,bethingtonro@diigo.com,+63 476 640 7589
998,Booth,Splain,14,19,1987,bsplainrp@vistaprint.com,+380 773 655 6346
999,Aggie,Baxstar,12,13,1978,abaxstarrq@yellowpages.com,+46 762 836 3537
1000,Shurwood,Isaaksohn,17,9,2001,sisaaksohnrr@marketwatch.com,+57 829 682 8576
